,,,,Whitecrest Navy Database,,,,,,,,,,,,,,,,,,,,,,,,,,,
,,,,,,,,,,,,,,,,,,,,,,,,,,,,,,,
,,,Sort (hidden),Crewman,,Able Crewman,,Specialist,,Midshipman,,,Lieutenant,,,Commander,,,Captain,,,Commodore,,,Vice Admiral,,,Admiral,,,Total
Username,UserID,Rank,,Date Joined,Events,Date Promoted,Events,Date Promoted,Events,Date Promoted,Events,Hosted,Date Promoted,Events,Hosted,Date Promoted,Events,Hosted,Date Promoted,Events,Hosted,Date Promoted,Events,Hosted,Date Promoted,Events,Hosted,Date Promoted,Events,Hosted,
,,,,,,,,,,,,,,,,,,,,,,,,,,,,,,,
FormulaRow,NA,Formula,0,,0,,0,,0,,0,0,,0,0,,0,0,,0,0,,0,0,,0,0,,0,0,
littlenoobpvp,824670736,King,1,3/19/2023,8,,0,,0,,0,0,,0,0,,0,0,,0,0,,0,0,,0,0,,0,0,8
JUNGLEGYM2005,74860255,Admiral,2,1/3/2023,9,,0,,0,,0,0,,0,0,,0,0,,0,0,,0,0,,0,0,8/15/2024,22,8,31
asieuna,130235051,Commodore,4,,0,,0,,0,,0,0,,0,0,,0,0,,0,0,6/9/2024,41,21,,0,0,,0,0,41
ItzNastyyy,13913316,Commodore,4,3/21/2024,8,,0,,0,3/28/2024,34,2,5/26/2024,15,2,6/4/2024,28,4,7/1/2024,29,8,8/02/2024,30,11,,0,0,,0,0,144
gewderpl,393497794,Captain,5,8/7/2022,1,8/14/2022,7,,0,8/28/2022,45,28,2/10/2023,41,11,3/27/2023,107,26,10/1/2023,205,29,,0,0,,0,0,,0,0,406
baby_doekjes,213562163,Captain,5,3/9/2024,6,,0,,0,3/19/2024,13,4,4/2/2024,38,6,5/21/2024,19,4,6/4/2024,105,23,,0,0,,0,0,,0,0,181
reprials,3122332210,Captain,5,3/17/2024,12,3/24/2024,64,,0,4/25/2024,45,2,5/22/2024,92,7,7/1/2024,109,9,8/22/2024,40,1,,0,0,,0,0,,0,0,362
Troll3274,356912381,Commander,6,7/5/2021,3,,0,,0,7/18/2021,80,69,1/7/2023,51,13,6/13/2023,150,31,,0,0,,0,0,,0,0,,0,0,284
ser50,6401070,Commander,6,6/13/2022,4,6/19/2022,7,,0,8/27/2022,11,1,9/14/2022,191,36,10/01/2023,152,46,,0,0,,0,0,,0,0,,0,0,365
WernerModel,6560566,Commander,6,9/24/2020,17,2/14/2021,1,,0,2/20/2021,18,5,3/7/2021,171,126,6/4/2024,23,7,,0,0,,0,0,,0,0,,0,0,230
Melvinithan,430515291,Commander,6,8/5/2022,4,9/29/2023,4,,0,11/11/2023,8,2,1/10/2024,60,29,7/3/2024,43,11,,0,0,,0,0,,0,0,,0,0,119
ashdhub122,119768220,Commander,6,1/20/2024,1,1/29/2024,5,,0,2/25/2024,54,6,5/24/2024,48,3,7/03/2024,51,3,,0,0,,0,0,,0,0,,0,0,159
4r_xt,198413427,Commander,6,,0,,0,,0,6/01/2024,25,2,7/02/2024,47,18,9/01/2024,5,1,,0,0,,0,0,,0,0,,0,0,77
Kryijer,77607919,Commander,6,6/17/2024,17,,0,,0,7/3/2024,24,1,7/17/2024,103,10,9/1/2024,8,1,,0,0,,0,0,,0,0,,0,0,152
Aurogen,131628675,Lieutenant,7,12/1/2020,2,9/30/2023,7,,0,12/3/2023,27,3,1/6/2024,68,22,,0,0,,0,0,,0,0,,0,0,,0,0,104
SpaceCadet22392,234275815,Lieutenant,7,3/6/2024,2,3/16/2024,2,,0,3/19/2024,38,6,6/14/2024,26,9,,0,0,,0,0,,0,0,,0,0,,0,0,68
kahmikazii,53254151,Lieutenant,7,1/30/2024,8,2/7/2024,65,,0,3/28/2024,148,4,6/25/2024,102,8,,0,0,,0,0,,0,0,,0,0,,0,0,323
malenxia,102916996,Lieutenant,7,6/24/2024,1,,0,,0,7/09/2024,10,1,8/08/2024,2,1,,0,0,,0,0,,0,0,,0,0,,0,0,13
miquellxa,708476374,Lieutenant,7,7/29/2024,8,,0,,0,8/06/2024,19,3,8/20/2024,16,3,,0,0,,0,0,,0,0,,0,0,,0,0,43
VarietyJay_Real,5118868,Lieutenant,7,10/05/2023,14,7/5/2024,3,,0,8/03/2024,30,4,8/29/2024,6,2,,0,0,,0,0,,0,0,,0,0,,0,0,53
Joshbp26,89542996,Lieutenant,7,1/01/2020,2,4/25/2022,21,,0,8/13/2024,24,2,9/05/2024,1,1,,0,0,,0,0,,0,0,,0,0,,0,0,48
xxXBlueWingsXxx,70250984,Lieutenant,7,,0,,0,,0,,0,0,9/05/2024,1,0,,0,0,,0,0,,0,0,,0,0,,0,0,1
YayIts_Dan,2315786833,Midshipman,8,7/30/2023,17,11/9/2023,3,,0,7/13/2024,47,3,,0,0,,0,0,,0,0,,0,0,,0,0,,0,0,67
Reynauld_B,3725096510,Midshipman,8,,0,7/22/2024,1,,0,7/23/2024,7,3,,0,0,,0,0,,0,0,,0,0,,0,0,,0,0,8
UncleJoeXd,367391653,Midshipman,8,7/25/2024,6,,0,,0,8/02/2024,35,5,,0,0,,0,0,,0,0,,0,0,,0,0,,0,0,41
BloodyRedBlaster,1460786176,Midshipman,8,1/14/2022,12,7/12/2023,2,,0,8/08/2024,30,3,,0,0,,0,0,,0,0,,0,0,,0,0,,0,0,44
EthanZeGamer,21360996,Midshipman,8,8/04/2024,11,,0,,0,8/13/2024,43,3,,0,0,,0,0,,0,0,,0,0,,0,0,,0,0,54
pickpickn,220398720,Midshipman,8,,0,,0,,0,8/24/2024,9,1,,0,0,,0,0,,0,0,,0,0,,0,0,,0,0,9
Crypriva,108572664,Midshipman,8,,0,,0,,0,8/26/2024,1,0,,0,0,,0,0,,0,0,,0,0,,0,0,,0,0,1
untermenscj,2402958421,Midshipman,8,5/05/2023,15,7/17/2024,13,,0,8/29/2024,7,1,,0,0,,0,0,,0,0,,0,0,,0,0,,0,0,35
SyntheticIngenuity,1040550772,Midshipman,8,8/22/2024,3,,0,,0,8/30/2024,2,2,,0,0,,0,0,,0,0,,0,0,,0,0,,0,0,5
bbrucemman,154390131,Midshipman,8,8/23/2024,5,,0,,0,9/01/2024,4,1,,0,0,,0,0,,0,0,,0,0,,0,0,,0,0,9
Britannica0606,25922281,Midshipman,8,8/23/2024,2,8/31/2024,1,,0,9/02/2024,3,1,,0,0,,0,0,,0,0,,0,0,,0,0,,0,0,6
firejrone1,2528010200,Midshipman,8,2/14/2024,5,4/10/2024,7,,0,9/06/2024,1,0,,0,0,,0,0,,0,0,,0,0,,0,0,,0,0,13
Vermoq,23572612,Specialist,81,3/02/2021,17,9/03/2023,16,9/2/2023,62,,0,0,,0,0,,0,0,,0,0,,0,0,,0,0,,0,0,95
c110pchopper,160380726,Specialist,81,8/10/2023,2,8/18/2023,57,1/1/2024,80,,0,0,,0,0,,0,0,,0,0,,0,0,,0,0,,0,0,139
2567_Warrior,3082017006,Specialist,81,12/27/2023,3,1/12/2024,4,1/23/2024,1,,0,0,,0,0,,0,0,,0,0,,0,0,,0,0,,0,0,8
svamberr,480388803,Specialist,81,10/3/2023,4,11/27/2023,90,2/25/2024,147,,0,0,,0,0,,0,0,,0,0,,0,0,,0,0,,0,0,241
BigTex1212,123762065,Specialist,81,2/13/2022,2,5/05/2022,15,7/17/2024,5,,0,0,,0,0,,0,0,,0,0,,0,0,,0,0,,0,0,22
koalayaya,974451782,Specialist,81,7/11/2024,6,,0,7/23/2024,0,,0,0,,0,0,,0,0,,0,0,,0,0,,0,0,,0,0,6
rcgenesis1,92061942,Specialist,81,,0,,0,8/1/2024,6,,0,0,,0,0,,0,0,,0,0,,0,0,,0,0,,0,0,6
wepasm,37436216,Specialist,81,7/20/2024,5,7/29/2024,8,8/11/2024,7,,0,0,,0,0,,0,0,,0,0,,0,0,,0,0,,0,0,20
PolarDistress,59375128,Specialist,81,10/07/2022,14,7/19/2024,14,8/27/2024,6,,0,0,,0,0,,0,0,,0,0,,0,0,,0,0,,0,0,34
maximfinite,83698843,Able Crewman,9,12/27/2020,30,5/09/2021,71,,0,,0,0,,0,0,,0,0,,0,0,,0,0,,0,0,,0,0,101
lioncitypro,479263801,Able Crewman,9,1/04/2021,3,10/03/2021,4,,0,,0,0,,0,0,,0,0,,0,0,,0,0,,0,0,,0,0,7
donut_Boi8,1597746066,Able Crewman,9,11/11/2021,3,3/24/2022,101,,0,,0,0,,0,0,,0,0,,0,0,,0,0,,0,0,,0,0,104
SEA1HAWK234,108524405,Able Crewman,9,4/27/2022,2,7/04/2022,39,,0,,0,0,,0,0,,0,0,,0,0,,0,0,,0,0,,0,0,41
ICowman,61404996,Able Crewman,9,6/20/2022,3,7/08/2022,15,,0,,0,0,,0,0,,0,0,,0,0,,0,0,,0,0,,0,0,18
Count_Spitfire,291925330,Able Crewman,9,11/20/2022,9,11/27/2022,52,,0,,0,0,,0,0,,0,0,,0,0,,0,0,,0,0,,0,0,61
Dan181818,380599856,Able Crewman,9,12/26/2022,2,1/02/2023,1,,0,,0,0,,0,0,,0,0,,0,0,,0,0,,0,0,,0,0,3
perigrinefelcon08,777742345,Able Crewman,9,1/24/2022,5,1/16/2023,9,,0,,0,0,,0,0,,0,0,,0,0,,0,0,,0,0,,0,0,14
KineticEnergy13,126743973,Able Crewman,9,7/22/2022,1,1/17/2023,3,,0,,0,0,,0,0,,0,0,,0,0,,0,0,,0,0,,0,0,4
Pioneer_Boys,731123620,Able Crewman,9,1/16/2023,2,1/30/2023,1,,0,,0,0,,0,0,,0,0,,0,0,,0,0,,0,0,,0,0,3
lilyian4,411656034,Able Crewman,9,2/04/2023,3,2/11/2023,9,,0,,0,0,,0,0,,0,0,,0,0,,0,0,,0,0,,0,0,12
xXGalactic2ndXx,2578849335,Able Crewman,9,2/08/2023,10,2/19/2023,25,,0,,0,0,,0,0,,0,0,,0,0,,0,0,,0,0,,0,0,35
cjbro44,848195833,Able Crewman,9,1/18/2023,11,2/26/2023,0,,0,,0,0,,0,0,,0,0,,0,0,,0,0,,0,0,,0,0,11
dupiop2,742012223,Able Crewman,9,12/19/2022,2,3/03/2023,5,,0,,0,0,,0,0,,0,0,,0,0,,0,0,,0,0,,0,0,7
WantedMellon,15685343,Able Crewman,9,2/14/2023,9,3/11/2023,4,,0,,0,0,,0,0,,0,0,,0,0,,0,0,,0,0,,0,0,13
Potat_Tea,194670428,Able Crewman,9,2/10/2023,14,3/18/2023,2,,0,,0,0,,0,0,,0,0,,0,0,,0,0,,0,0,,0,0,16
Blanker101,269099729,Able Crewman,9,3/7/2023,2,3/19/2023,3,,0,,0,0,,0,0,,0,0,,0,0,,0,0,,0,0,,0,0,5
jjo1911,1016325632,Able Crewman,9,3/19/2023,5,3/26/2023,1,,0,,0,0,,0,0,,0,0,,0,0,,0,0,,0,0,,0,0,6
SinisterSnake_II,72525698,Able Crewman,9,3/18/2023,1,3/30/2023,6,,0,,0,0,,0,0,,0,0,,0,0,,0,0,,0,0,,0,0,7
jAdTheMister,129189174,Able Crewman,9,3/16/2023,5,4/1/2023,41,,0,,0,0,,0,0,,0,0,,0,0,,0,0,,0,0,,0,0,46
Vikingman5,203155357,Able Crewman,9,3/23/2023,4,4/5/2023,6,,0,,0,0,,0,0,,0,0,,0,0,,0,0,,0,0,,0,0,10
ZZdoctor,519321334,Able Crewman,9,3/12/2023,2,4/06/2023,3,,0,,0,0,,0,0,,0,0,,0,0,,0,0,,0,0,,0,0,5
COLINSANTOS11,1923436901,Able Crewman,9,10/17/2021,4,4/07/2023,1,,0,,0,0,,0,0,,0,0,,0,0,,0,0,,0,0,,0,0,5
LaperLazule,4469101723,Able Crewman,9,3/30/2023,2,4/10/2023,12,,0,,0,0,,0,0,,0,0,,0,0,,0,0,,0,0,,0,0,14
jackfradelos9,409145146,Able Crewman,9,1/23/2021,18,4/13/2023,2,,0,,0,0,,0,0,,0,0,,0,0,,0,0,,0,0,,0,0,20
KizaKipsa,3893166593,Able Crewman,9,12/27/2022,3,4/17/2023,0,,0,,0,0,,0,0,,0,0,,0,0,,0,0,,0,0,,0,0,3
CRAZYBANAYENAYE,339917038,Able Crewman,9,4/8/2023,7,4/20/2023,11,,0,,0,0,,0,0,,0,0,,0,0,,0,0,,0,0,,0,0,18
Tsukuyone,1134416612,Able Crewman,9,4/4/2023,3,4/22/2023,0,,0,,0,0,,0,0,,0,0,,0,0,,0,0,,0,0,,0,0,3
dkmiller2012,334580340,Able Crewman,9,8/19/2022,15,4/23/2023,2,,0,,0,0,,0,0,,0,0,,0,0,,0,0,,0,0,,0,0,17
lolturtI,217707613,Able Crewman,9,4/8/2023,4,4/25/2023,9,,0,,0,0,,0,0,,0,0,,0,0,,0,0,,0,0,,0,0,13
SovietDeer,1434896382,Able Crewman,9,4/22/2023,6,5/5/2023,0,,0,,0,0,,0,0,,0,0,,0,0,,0,0,,0,0,,0,0,6
zzzDominicLiew020zzz,780162863,Able Crewman,9,1/21/2021,39,5/13/2023,24,,0,,0,0,,0,0,,0,0,,0,0,,0,0,,0,0,,0,0,63
CursedM8,87828983,Able Crewman,9,5/3/2023,3,5/13/2023,10,,0,,0,0,,0,0,,0,0,,0,0,,0,0,,0,0,,0,0,13
XxSamurai938xX,3671585468,Able Crewman,9,5/10/2023,2,5/25/2023,2,,0,,0,0,,0,0,,0,0,,0,0,,0,0,,0,0,,0,0,4
Ra5067,1525016841,Able Crewman,9,8/1/2021,14,6/4/2023,6,,0,,0,0,,0,0,,0,0,,0,0,,0,0,,0,0,,0,0,20
GRAY19471,1613788777,Able Crewman,9,5/5/2023,9,6/13/2023,9,,0,,0,0,,0,0,,0,0,,0,0,,0,0,,0,0,,0,0,18
miebaso11,93292581,Able Crewman,9,5/21/2023,8,6/17/2023,47,,0,,0,0,,0,0,,0,0,,0,0,,0,0,,0,0,,0,0,55
noahbeansie,474768548,Able Crewman,9,5/28/2023,7,6/20/2023,11,,0,,0,0,,0,0,,0,0,,0,0,,0,0,,0,0,,0,0,18
Blam0Man94,77274385,Able Crewman,9,3/5/2023,1,6/21/2023,25,,0,,0,0,,0,0,,0,0,,0,0,,0,0,,0,0,,0,0,26
NotAStreamerOfCourse,778743691,Able Crewman,9,6/26/2023,11,7/3/2023,5,,0,,0,0,,0,0,,0,0,,0,0,,0,0,,0,0,,0,0,16
toxophilite15,313724850,Able Crewman,9,1/10/2023,3,7/7/2023,3,,0,,0,0,,0,0,,0,0,,0,0,,0,0,,0,0,,0,0,6
VWRJuniorV2,4750438002,Able Crewman,9,6/28/2023,2,7/7/2023,1,,0,,0,0,,0,0,,0,0,,0,0,,0,0,,0,0,,0,0,3
DarSteele,83387722,Able Crewman,9,4/30/2023,6,7/8/2023,2,,0,,0,0,,0,0,,0,0,,0,0,,0,0,,0,0,,0,0,8
stmaarten1778,70134141,Able Crewman,9,5/7/2022,3,7/9/2023,0,,0,,0,0,,0,0,,0,0,,0,0,,0,0,,0,0,,0,0,3
playagotswag,51330866,Able Crewman,9,3/13/2021,19,7/10/2023,2,,0,,0,0,,0,0,,0,0,,0,0,,0,0,,0,0,,0,0,21
shalinanimatownerYT,318832316,Able Crewman,9,1/15/2023,3,7/11/2023,14,,0,,0,0,,0,0,,0,0,,0,0,,0,0,,0,0,,0,0,17
kstn,48681495,Able Crewman,9,5/19/2023,7,7/12/2023,2,,0,,0,0,,0,0,,0,0,,0,0,,0,0,,0,0,,0,0,9
JacobzMoma,381501928,Able Crewman,9,7/4/2022,0,7/13/2023,0,,0,,0,0,,0,0,,0,0,,0,0,,0,0,,0,0,,0,0,0
AleksandarGiovanni,217978257,Able Crewman,9,4/18/2023,0,7/14/2023,0,,0,,0,0,,0,0,,0,0,,0,0,,0,0,,0,0,,0,0,0
dethhog,33146484,Able Crewman,9,3/14/2023,3,7/20/2023,15,,0,,0,0,,0,0,,0,0,,0,0,,0,0,,0,0,,0,0,18
Beartart546,4100899280,Able Crewman,9,5/13/2023,1,7/21/2023,0,,0,,0,0,,0,0,,0,0,,0,0,,0,0,,0,0,,0,0,1
blueskydiamondgaming,377395641,Able Crewman,9,5/11/2021,3,7/21/2023,0,,0,,0,0,,0,0,,0,0,,0,0,,0,0,,0,0,,0,0,3
helloworld123439,1295867221,Able Crewman,9,7/9/2023,4,7/21/2023,2,,0,,0,0,,0,0,,0,0,,0,0,,0,0,,0,0,,0,0,6
AlperenASLAN162,1232754093,Able Crewman,9,7/15/2023,7,7/22/2023,0,,0,,0,0,,0,0,,0,0,,0,0,,0,0,,0,0,,0,0,7
I3ryc,2275247891,Able Crewman,9,7/11/2023,3,7/28/2023,1,,0,,0,0,,0,0,,0,0,,0,0,,0,0,,0,0,,0,0,4
datdomm,1529943623,Able Crewman,9,3/11/2021,3,8/1/2023,0,,0,,0,0,,0,0,,0,0,,0,0,,0,0,,0,0,,0,0,3
Mateokg12345,286071802,Able Crewman,9,6/26/2023,11,8/2/2023,0,,0,,0,0,,0,0,,0,0,,0,0,,0,0,,0,0,,0,0,11
TemporaryAAZ09,112531195,Able Crewman,9,7/10/2023,1,8/10/2023,6,,0,,0,0,,0,0,,0,0,,0,0,,0,0,,0,0,,0,0,7
JINZEJINZE,1441594044,Able Crewman,9,5/19/2023,9,8/11/2023,30,,0,,0,0,,0,0,,0,0,,0,0,,0,0,,0,0,,0,0,39
EnvyMaple,50962193,Able Crewman,9,3/12/2023,14,8/12/2023,21,,0,,0,0,,0,0,,0,0,,0,0,,0,0,,0,0,,0,0,35
tootiefruity0395,1708789784,Able Crewman,9,8/2/2023,4,8/15/2023,21,,0,,0,0,,0,0,,0,0,,0,0,,0,0,,0,0,,0,0,25
brother_creative,1648754090,Able Crewman,9,4/21/2023,5,8/18/2023,43,,0,,0,0,,0,0,,0,0,,0,0,,0,0,,0,0,,0,0,48
hellen_ic,57562773,Able Crewman,9,6/22/2023,4,8/18/2023,1,,0,,0,0,,0,0,,0,0,,0,0,,0,0,,0,0,,0,0,5
purpleguydaffa,754931553,Able Crewman,9,8/12/2023,2,8/20/2023,0,,0,,0,0,,0,0,,0,0,,0,0,,0,0,,0,0,,0,0,2
JJackMackenzie,193892666,Able Crewman,9,5/28/2021,4,8/21/2023,0,,0,,0,0,,0,0,,0,0,,0,0,,0,0,,0,0,,0,0,4
meo6,64993553,Able Crewman,9,6/18/2023,2,8/26/2023,4,,0,,0,0,,0,0,,0,0,,0,0,,0,0,,0,0,,0,0,6
Gman7256,710341564,Able Crewman,9,6/25/2022,1,8/27/2023,3,,0,,0,0,,0,0,,0,0,,0,0,,0,0,,0,0,,0,0,4
nihawwohdepinyo,1934774667,Able Crewman,9,3/27/2023,12,8/27/2023,6,,0,,0,0,,0,0,,0,0,,0,0,,0,0,,0,0,,0,0,18
Not_Mike,60110727,Able Crewman,9,2/16/2023,7,9/13/2023,16,,0,,0,0,,0,0,,0,0,,0,0,,0,0,,0,0,,0,0,23
HolyPlank,60421610,Able Crewman,9,9/3/2023,7,9/17/2023,3,,0,,0,0,,0,0,,0,0,,0,0,,0,0,,0,0,,0,0,10
BLAHINATOR,213975808,Able Crewman,9,4/12/2023,16,9/24/2023,3,,0,,0,0,,0,0,,0,0,,0,0,,0,0,,0,0,,0,0,19
Sk1tSkrt,1197946678,Able Crewman,9,8/8/2023,3,9/24/2023,36,,0,,0,0,,0,0,,0,0,,0,0,,0,0,,0,0,,0,0,39
captan40000,341921209,Able Crewman,9,9/18/2023,2,9/28/2023,0,,0,,0,0,,0,0,,0,0,,0,0,,0,0,,0,0,,0,0,2
kay0qp,479300105,Able Crewman,9,8/12/2023,3,9/29/2023,0,,0,,0,0,,0,0,,0,0,,0,0,,0,0,,0,0,,0,0,3
Theheartypirate,120414374,Able Crewman,9,2/10/2023,4,9/29/2023,0,,0,,0,0,,0,0,,0,0,,0,0,,0,0,,0,0,,0,0,4
gaction1234,1090712692,Able Crewman,9,6/4/2023,2,9/29/2023,0,,0,,0,0,,0,0,,0,0,,0,0,,0,0,,0,0,,0,0,2
ShockingOnion,110996824,Able Crewman,9,9/13/2022,2,9/30/2023,0,,0,,0,0,,0,0,,0,0,,0,0,,0,0,,0,0,,0,0,2
xXLittle_WarXx,1145029956,Able Crewman,9,8/29/2022,2,9/30/2023,0,,0,,0,0,,0,0,,0,0,,0,0,,0,0,,0,0,,0,0,2
Lucky_ravenclaw,846153093,Able Crewman,9,10/14/2022,3,9/30/2023,0,,0,,0,0,,0,0,,0,0,,0,0,,0,0,,0,0,,0,0,3
cianaide,169513883,Able Crewman,9,11/29/2022,6,9/30/2023,0,,0,,0,0,,0,0,,0,0,,0,0,,0,0,,0,0,,0,0,6
silvioaugustos,74393038,Able Crewman,9,2/15/2022,3,9/30/2023,1,,0,,0,0,,0,0,,0,0,,0,0,,0,0,,0,0,,0,0,4
dude1231232,105599113,Able Crewman,9,1/5/2023,2,9/30/2023,0,,0,,0,0,,0,0,,0,0,,0,0,,0,0,,0,0,,0,0,2
Death_strikesanytime,3431616750,Able Crewman,9,6/19/2022,4,9/30/2023,0,,0,,0,0,,0,0,,0,0,,0,0,,0,0,,0,0,,0,0,4
lollololoolololoo755,607323470,Able Crewman,9,12/5/2022,3,9/30/2023,0,,0,,0,0,,0,0,,0,0,,0,0,,0,0,,0,0,,0,0,3
Themostdumbthing,1829918651,Able Crewman,9,12/4/2022,8,9/30/2023,0,,0,,0,0,,0,0,,0,0,,0,0,,0,0,,0,0,,0,0,8
RedPanda4860,2604231145,Able Crewman,9,3/31/2022,4,9/30/2023,0,,0,,0,0,,0,0,,0,0,,0,0,,0,0,,0,0,,0,0,4
TomerDoge,1109850119,Able Crewman,9,12/27/2022,2,9/30/2023,0,,0,,0,0,,0,0,,0,0,,0,0,,0,0,,0,0,,0,0,2
wariosuper,19422561,Able Crewman,9,11/18/2022,9,9/30/2023,0,,0,,0,0,,0,0,,0,0,,0,0,,0,0,,0,0,,0,0,9
heh777777,901307870,Able Crewman,9,11/18/2022,3,9/30/2023,0,,0,,0,0,,0,0,,0,0,,0,0,,0,0,,0,0,,0,0,3
Decart7L,105496306,Able Crewman,9,11/06/2022,5,9/30/2023,0,,0,,0,0,,0,0,,0,0,,0,0,,0,0,,0,0,,0,0,5
Daqzz,111074641,Able Crewman,9,10/30/2022,4,9/30/2023,0,,0,,0,0,,0,0,,0,0,,0,0,,0,0,,0,0,,0,0,4
Twistedgamer43,152571090,Able Crewman,9,11/01/2022,3,9/30/2023,0,,0,,0,0,,0,0,,0,0,,0,0,,0,0,,0,0,,0,0,3
DivineMaximvs,839754222,Able Crewman,9,10/01/2022,5,9/30/2023,0,,0,,0,0,,0,0,,0,0,,0,0,,0,0,,0,0,,0,0,5
PojuAurelius,51220410,Able Crewman,9,8/27/2021,12,9/30/2023,0,,0,,0,0,,0,0,,0,0,,0,0,,0,0,,0,0,,0,0,12
austin6914,35760408,Able Crewman,9,8/27/2021,5,9/30/2023,0,,0,,0,0,,0,0,,0,0,,0,0,,0,0,,0,0,,0,0,5
MonkeySeaDew,3563009367,Able Crewman,9,8/23/2022,5,9/30/2023,8,,0,,0,0,,0,0,,0,0,,0,0,,0,0,,0,0,,0,0,13
Blastoise8818,82830238,Able Crewman,9,1/17/2022,12,9/30/2023,0,,0,,0,0,,0,0,,0,0,,0,0,,0,0,,0,0,,0,0,12
Bellsprout1010,293790573,Able Crewman,9,6/09/2022,2,9/30/2023,0,,0,,0,0,,0,0,,0,0,,0,0,,0,0,,0,0,,0,0,2
ButterrDev,296748391,Able Crewman,9,11/09/2020,12,9/30/2023,0,,0,,0,0,,0,0,,0,0,,0,0,,0,0,,0,0,,0,0,12
paraweld,73724500,Able Crewman,9,2/14/2022,2,9/30/2023,0,,0,,0,0,,0,0,,0,0,,0,0,,0,0,,0,0,,0,0,2
naughtyosian,219905314,Able Crewman,9,11/08/2020,12,9/30/2023,0,,0,,0,0,,0,0,,0,0,,0,0,,0,0,,0,0,,0,0,12
Shard_x,66067993,Able Crewman,9,11/05/2019,10,9/30/2023,2,,0,,0,0,,0,0,,0,0,,0,0,,0,0,,0,0,,0,0,12
Dedledus,368534977,Able Crewman,9,5/26/2022,6,9/30/2023,0,,0,,0,0,,0,0,,0,0,,0,0,,0,0,,0,0,,0,0,6
NotTecnobladeTheReal,2596896937,Able Crewman,9,8/20/2021,5,9/30/2023,0,,0,,0,0,,0,0,,0,0,,0,0,,0,0,,0,0,,0,0,5
FriedoNL,100016418,Able Crewman,9,4/24/2021,9,9/30/2023,0,,0,,0,0,,0,0,,0,0,,0,0,,0,0,,0,0,,0,0,9
the_finss,1461014949,Able Crewman,9,8/13/2021,14,9/30/2023,0,,0,,0,0,,0,0,,0,0,,0,0,,0,0,,0,0,,0,0,14
exterth,98267857,Able Crewman,9,5/13/2021,9,9/30/2023,0,,0,,0,0,,0,0,,0,0,,0,0,,0,0,,0,0,,0,0,9
YoshihiroShimazu,32586405,Able Crewman,9,11/11/2019,5,9/30/2023,0,,0,,0,0,,0,0,,0,0,,0,0,,0,0,,0,0,,0,0,5
Rody023,297332035,Able Crewman,9,10/8/2020,21,9/30/2023,0,,0,,0,0,,0,0,,0,0,,0,0,,0,0,,0,0,,0,0,21
Knif_man100,542256963,Able Crewman,9,11/17/2020,28,9/30/2023,0,,0,,0,0,,0,0,,0,0,,0,0,,0,0,,0,0,,0,0,28
windyrunner2007,445812649,Able Crewman,9,12/1/2020,5,9/30/2023,0,,0,,0,0,,0,0,,0,0,,0,0,,0,0,,0,0,,0,0,5
spere43,145699526,Able Crewman,9,1/18/2021,24,9/30/2023,0,,0,,0,0,,0,0,,0,0,,0,0,,0,0,,0,0,,0,0,24
Burt_Dev,398421652,Able Crewman,9,2/09/2021,16,9/30/2023,0,,0,,0,0,,0,0,,0,0,,0,0,,0,0,,0,0,,0,0,16
jonathanlin03,88919681,Able Crewman,9,3/26/2021,22,9/30/2023,0,,0,,0,0,,0,0,,0,0,,0,0,,0,0,,0,0,,0,0,22
Nolanator8551,1020276591,Able Crewman,9,3/26/2021,3,9/30/2023,0,,0,,0,0,,0,0,,0,0,,0,0,,0,0,,0,0,,0,0,3
ItsGenieTime,1154805825,Able Crewman,9,7/01/2021,7,9/30/2023,7,,0,,0,0,,0,0,,0,0,,0,0,,0,0,,0,0,,0,0,14
DisguisedKairos,47229692,Able Crewman,9,7/04/2021,17,9/30/2023,0,,0,,0,0,,0,0,,0,0,,0,0,,0,0,,0,0,,0,0,17
dgdghf456,489148329,Able Crewman,9,7/22/2021,2,9/30/2023,0,,0,,0,0,,0,0,,0,0,,0,0,,0,0,,0,0,,0,0,2
scorxched,700744663,Able Crewman,9,9/12/2021,3,9/30/2023,0,,0,,0,0,,0,0,,0,0,,0,0,,0,0,,0,0,,0,0,3
xXFireStorm457Xx,145669394,Able Crewman,9,1/8/2022,3,9/30/2023,0,,0,,0,0,,0,0,,0,0,,0,0,,0,0,,0,0,,0,0,3
theonlypilot01,961029017,Able Crewman,9,1/19/2022,6,9/30/2023,0,,0,,0,0,,0,0,,0,0,,0,0,,0,0,,0,0,,0,0,6
veljko080808,1265893479,Able Crewman,9,1/21/2022,3,9/30/2023,0,,0,,0,0,,0,0,,0,0,,0,0,,0,0,,0,0,,0,0,3
AydenLuich,641329574,Able Crewman,9,2/10/2022,2,9/30/2023,0,,0,,0,0,,0,0,,0,0,,0,0,,0,0,,0,0,,0,0,2
Invidious_X,1112203,Able Crewman,9,9/15/2020,22,9/30/2023,0,,0,,0,0,,0,0,,0,0,,0,0,,0,0,,0,0,,0,0,22
Lycovia,1303758833,Able Crewman,9,4/19/2022,6,9/30/2023,4,,0,,0,0,,0,0,,0,0,,0,0,,0,0,,0,0,,0,0,10
captain12344321,291645422,Able Crewman,9,3/30/2021,6,9/30/2023,0,,0,,0,0,,0,0,,0,0,,0,0,,0,0,,0,0,,0,0,6
Favouredsaucer17,1765706731,Able Crewman,9,3/22/2023,5,9/30/2023,2,,0,,0,0,,0,0,,0,0,,0,0,,0,0,,0,0,,0,0,7
real_laughingseagull,612080592,Able Crewman,9,3/31/2023,2,9/30/2023,0,,0,,0,0,,0,0,,0,0,,0,0,,0,0,,0,0,,0,0,2
Hosokawa_Okami,338409489,Able Crewman,9,4/1/2023,7,9/30/2023,0,,0,,0,0,,0,0,,0,0,,0,0,,0,0,,0,0,,0,0,7
cAptAin_shreck,1368726203,Able Crewman,9,4/4/2023,2,9/30/2023,0,,0,,0,0,,0,0,,0,0,,0,0,,0,0,,0,0,,0,0,2
garwarwa,621358099,Able Crewman,9,4/6/2023,12,9/30/2023,0,,0,,0,0,,0,0,,0,0,,0,0,,0,0,,0,0,,0,0,12
Papi_Puff,33980762,Able Crewman,9,4/6/2023,3,9/30/2023,0,,0,,0,0,,0,0,,0,0,,0,0,,0,0,,0,0,,0,0,3
cookiekingbaby,382700305,Able Crewman,9,4/13/2023,2,9/30/2023,0,,0,,0,0,,0,0,,0,0,,0,0,,0,0,,0,0,,0,0,2
Peter23454OMG,685589661,Able Crewman,9,4/18/2023,3,9/30/2023,0,,0,,0,0,,0,0,,0,0,,0,0,,0,0,,0,0,,0,0,3
lunalovegood12366,592094834,Able Crewman,9,4/21/2023,6,9/30/2023,0,,0,,0,0,,0,0,,0,0,,0,0,,0,0,,0,0,,0,0,6
Zinyer,38218134,Able Crewman,9,4/23/2023,3,9/30/2023,0,,0,,0,0,,0,0,,0,0,,0,0,,0,0,,0,0,,0,0,3
Jacksmith_1000,654047074,Able Crewman,9,4/30/2023,6,9/30/2023,0,,0,,0,0,,0,0,,0,0,,0,0,,0,0,,0,0,,0,0,6
ModernAndrewGaming,281552407,Able Crewman,9,5/7/2023,3,9/30/2023,0,,0,,0,0,,0,0,,0,0,,0,0,,0,0,,0,0,,0,0,3
ee_robloxer,589113756,Able Crewman,9,5/9/2023,2,9/30/2023,0,,0,,0,0,,0,0,,0,0,,0,0,,0,0,,0,0,,0,0,2
Tomher_e,704566267,Able Crewman,9,5/20/2023,8,9/30/2023,0,,0,,0,0,,0,0,,0,0,,0,0,,0,0,,0,0,,0,0,8
Baloke10,107369619,Able Crewman,9,5/25/2023,2,9/30/2023,0,,0,,0,0,,0,0,,0,0,,0,0,,0,0,,0,0,,0,0,2
amon421948,3941827010,Able Crewman,9,6/4/2023,2,9/30/2023,0,,0,,0,0,,0,0,,0,0,,0,0,,0,0,,0,0,,0,0,2
EwanRPJ,144652241,Able Crewman,9,6/12/2023,2,9/30/2023,0,,0,,0,0,,0,0,,0,0,,0,0,,0,0,,0,0,,0,0,2
mathwiz56,56139155,Able Crewman,9,6/26/2023,3,9/30/2023,0,,0,,0,0,,0,0,,0,0,,0,0,,0,0,,0,0,,0,0,3
GoldenJarl,206404890,Able Crewman,9,6/26/2023,2,9/30/2023,0,,0,,0,0,,0,0,,0,0,,0,0,,0,0,,0,0,,0,0,2
MommysL1ttleMan,2677807153,Able Crewman,9,7/4/2023,8,9/30/2023,0,,0,,0,0,,0,0,,0,0,,0,0,,0,0,,0,0,,0,0,8
Amahkam_Degagal,4086775071,Able Crewman,9,7/5/2023,3,9/30/2023,0,,0,,0,0,,0,0,,0,0,,0,0,,0,0,,0,0,,0,0,3
ParishiaisNOTugly,929303198,Able Crewman,9,7/5/2023,8,9/30/2023,0,,0,,0,0,,0,0,,0,0,,0,0,,0,0,,0,0,,0,0,8
Anoobfrompoland,813451195,Able Crewman,9,7/8/2023,4,9/30/2023,0,,0,,0,0,,0,0,,0,0,,0,0,,0,0,,0,0,,0,0,4
djswaginth,412279145,Able Crewman,9,7/10/2023,2,9/30/2023,0,,0,,0,0,,0,0,,0,0,,0,0,,0,0,,0,0,,0,0,2
dovregubben,22424414,Able Crewman,9,7/12/2023,4,9/30/2023,0,,0,,0,0,,0,0,,0,0,,0,0,,0,0,,0,0,,0,0,4
ArchitectsLife,138740024,Able Crewman,9,7/14/2023,3,9/30/2023,0,,0,,0,0,,0,0,,0,0,,0,0,,0,0,,0,0,,0,0,3
sambow010,864093222,Able Crewman,9,7/18/2023,7,9/30/2023,0,,0,,0,0,,0,0,,0,0,,0,0,,0,0,,0,0,,0,0,7
TheGreatestFact,581605180,Able Crewman,9,7/19/2023,2,9/30/2023,0,,0,,0,0,,0,0,,0,0,,0,0,,0,0,,0,0,,0,0,2
themasterbuilder8981,62998351,Able Crewman,9,7/20/2023,2,9/30/2023,0,,0,,0,0,,0,0,,0,0,,0,0,,0,0,,0,0,,0,0,2
alexanderrobogamer,475467692,Able Crewman,9,7/20/2023,2,9/30/2023,0,,0,,0,0,,0,0,,0,0,,0,0,,0,0,,0,0,,0,0,2
GYATTAYG,4791193838,Able Crewman,9,8/1/2023,9,9/30/2023,13,,0,,0,0,,0,0,,0,0,,0,0,,0,0,,0,0,,0,0,22
Hakeenee,537928047,Able Crewman,9,8/3/2023,14,9/30/2023,0,,0,,0,0,,0,0,,0,0,,0,0,,0,0,,0,0,,0,0,14
robert13125,204616945,Able Crewman,9,8/5/2023,2,9/30/2023,0,,0,,0,0,,0,0,,0,0,,0,0,,0,0,,0,0,,0,0,2
liam123123123123s,3084741446,Able Crewman,9,8/7/2023,3,9/30/2023,0,,0,,0,0,,0,0,,0,0,,0,0,,0,0,,0,0,,0,0,3
friendfinder12,32339008,Able Crewman,9,08/07/2023,2,9/30/2023,0,,0,,0,0,,0,0,,0,0,,0,0,,0,0,,0,0,,0,0,2
RandomMan_911,3050593109,Able Crewman,9,8/13/2023,3,9/30/2023,0,,0,,0,0,,0,0,,0,0,,0,0,,0,0,,0,0,,0,0,3
Kampfliegger,459538416,Able Crewman,9,8/14/2023,5,9/30/2023,0,,0,,0,0,,0,0,,0,0,,0,0,,0,0,,0,0,,0,0,5
GameFreak1_YT,972979002,Able Crewman,9,9/23/2023,4,9/30/2023,7,,0,,0,0,,0,0,,0,0,,0,0,,0,0,,0,0,,0,0,11
wareygta1,553579666,Able Crewman,9,9/24/2023,3,10/01/2023,0,,0,,0,0,,0,0,,0,0,,0,0,,0,0,,0,0,,0,0,3
RealL857,4991895743,Able Crewman,9,9/24/2023,6,10/01/2023,0,,0,,0,0,,0,0,,0,0,,0,0,,0,0,,0,0,,0,0,6
star_dustriver,4837019454,Able Crewman,9,9/24/2023,3,10/01/2023,11,,0,,0,0,,0,0,,0,0,,0,0,,0,0,,0,0,,0,0,14
Dragrions,95195335,Able Crewman,9,9/24/2023,5,10/01/2023,0,,0,,0,0,,0,0,,0,0,,0,0,,0,0,,0,0,,0,0,5
noemartires,33645762,Able Crewman,9,9/24/2023,4,10/01/2023,5,,0,,0,0,,0,0,,0,0,,0,0,,0,0,,0,0,,0,0,9
Hakurrrrrrrrrxx,3639549234,Able Crewman,9,9/25/2023,2,10/02/2023,0,,0,,0,0,,0,0,,0,0,,0,0,,0,0,,0,0,,0,0,2
Ilurxz,4067855237,Able Crewman,9,9/26/2023,4,10/03/2023,4,,0,,0,0,,0,0,,0,0,,0,0,,0,0,,0,0,,0,0,8
KingT_94,2031635134,Able Crewman,9,9/29/2023,3,10/06/2023,0,,0,,0,0,,0,0,,0,0,,0,0,,0,0,,0,0,,0,0,3
ALPHNX,188637053,Able Crewman,9,9/30/2023,7,10/08/2023,4,,0,,0,0,,0,0,,0,0,,0,0,,0,0,,0,0,,0,0,11
darkphoniex43,2648134809,Able Crewman,9,10/1/2023,3,10/09/2023,0,,0,,0,0,,0,0,,0,0,,0,0,,0,0,,0,0,,0,0,3
bopop_88,996408075,Able Crewman,9,9/10/2023,2,10/10/2023,0,,0,,0,0,,0,0,,0,0,,0,0,,0,0,,0,0,,0,0,2
AdafTheGreat,4175186087,Able Crewman,9,03/19/2023,13,10/10/2023,0,,0,,0,0,,0,0,,0,0,,0,0,,0,0,,0,0,,0,0,13
SaT1SaT1s,983856477,Able Crewman,9,9/23/2023,2,10/11/2023,3,,0,,0,0,,0,0,,0,0,,0,0,,0,0,,0,0,,0,0,5
superNJP2002,21521948,Able Crewman,9,9/12/2023,7,10/12/2023,0,,0,,0,0,,0,0,,0,0,,0,0,,0,0,,0,0,,0,0,7
bums233,1158388872,Able Crewman,9,10/7/2023,2,10/15/2023,0,,0,,0,0,,0,0,,0,0,,0,0,,0,0,,0,0,,0,0,2
TheRedstonesword64,505186436,Able Crewman,9,7/11/2023,0,10/22/2023,0,,0,,0,0,,0,0,,0,0,,0,0,,0,0,,0,0,,0,0,0
TheRedstonesword64,2587871,Able Crewman,9,4/30/2022,2,10/22/2023,0,,0,,0,0,,0,0,,0,0,,0,0,,0,0,,0,0,,0,0,2
pickachu21000,1439719772,Able Crewman,9,10/13/2023,1,10/22/2023,0,,0,,0,0,,0,0,,0,0,,0,0,,0,0,,0,0,,0,0,1
Megamaxy150,365079697,Able Crewman,9,10/14/2023,1,10/22/2023,0,,0,,0,0,,0,0,,0,0,,0,0,,0,0,,0,0,,0,0,1
AllFinnish,3121381389,Able Crewman,9,4/17/2023,4,10/25/2023,1,,0,,0,0,,0,0,,0,0,,0,0,,0,0,,0,0,,0,0,5
GrantCelticWarlord,35277141,Able Crewman,9,,0,10/29/2023,0,,0,,0,0,,0,0,,0,0,,0,0,,0,0,,0,0,,0,0,0
GeneralCooI,2400593457,Able Crewman,9,9/25/2023,0,11/09/2023,1,,0,,0,0,,0,0,,0,0,,0,0,,0,0,,0,0,,0,0,1
LonerWolv0,482158432,Able Crewman,9,9/26/2023,10,11/09/2023,1,,0,,0,0,,0,0,,0,0,,0,0,,0,0,,0,0,,0,0,11
mohammedaprils,94021742,Able Crewman,9,9/28/2023,2,11/09/2023,26,,0,,0,0,,0,0,,0,0,,0,0,,0,0,,0,0,,0,0,28
bbbkrktk,1412258357,Able Crewman,9,10/1/2023,0,11/09/2023,0,,0,,0,0,,0,0,,0,0,,0,0,,0,0,,0,0,,0,0,0
cragger2411,63261210,Able Crewman,9,10/14/2023,6,11/12/2023,1,,0,,0,0,,0,0,,0,0,,0,0,,0,0,,0,0,,0,0,7
bradley0911,33835153,Able Crewman,9,3/22/2022,4,11/15/2023,0,,0,,0,0,,0,0,,0,0,,0,0,,0,0,,0,0,,0,0,4
EquinoxSider,1112208764,Able Crewman,9,1/28/2021,5,11/21/2023,0,,0,,0,0,,0,0,,0,0,,0,0,,0,0,,0,0,,0,0,5
Riley_lovecheese,1840072907,Able Crewman,9,10/7/2023,2,11/23/2023,0,,0,,0,0,,0,0,,0,0,,0,0,,0,0,,0,0,,0,0,2
Henlo314,2468911470,Able Crewman,9,9/26/2023,2,11/27/2023,0,,0,,0,0,,0,0,,0,0,,0,0,,0,0,,0,0,,0,0,2
Koxinov,39395258,Able Crewman,9,,0,12/05/2023,0,,0,,0,0,,0,0,,0,0,,0,0,,0,0,,0,0,,0,0,0
mateusz666pl,82929131,Able Crewman,9,10/19/2021,2,12/09/2023,0,,0,,0,0,,0,0,,0,0,,0,0,,0,0,,0,0,,0,0,2
Alix_898C,1700116579,Able Crewman,9,11/26/2023,3,12/12/2023,45,,0,,0,0,,0,0,,0,0,,0,0,,0,0,,0,0,,0,0,48
datoneboi734,212384009,Able Crewman,9,12/11/2023,5,12/18/2023,7,,0,,0,0,,0,0,,0,0,,0,0,,0,0,,0,0,,0,0,12
KlarkTheSlavGamer91,1438144196,Able Crewman,9,5/10/2023,12,12/19/2023,6,,0,,0,0,,0,0,,0,0,,0,0,,0,0,,0,0,,0,0,18
ginoperilli,95715377,Able Crewman,9,6/27/2022,33,12/21/2023,5,,0,,0,0,,0,0,,0,0,,0,0,,0,0,,0,0,,0,0,38
NOMOREFUSS,90403090,Able Crewman,9,8/03/2023,2,12/25/2023,0,,0,,0,0,,0,0,,0,0,,0,0,,0,0,,0,0,,0,0,2
AltasWorker23,4767265955,Able Crewman,9,12/14/2023,3,12/30/2023,11,,0,,0,0,,0,0,,0,0,,0,0,,0,0,,0,0,,0,0,14
AltonGamer_LT,307711518,Able Crewman,9,,0,1/06/2024,1,,0,,0,0,,0,0,,0,0,,0,0,,0,0,,0,0,,0,0,1
Aerosmithguy85,26642084,Able Crewman,9,12/27/2023,10,1/13/2024,5,,0,,0,0,,0,0,,0,0,,0,0,,0,0,,0,0,,0,0,15
esbudegador,43198678,Able Crewman,9,12/11/2023,17,1/13/2024,43,,0,,0,0,,0,0,,0,0,,0,0,,0,0,,0,0,,0,0,60
SillyWear,142805245,Able Crewman,9,10/10/2023,3,1/21/2024,0,,0,,0,0,,0,0,,0,0,,0,0,,0,0,,0,0,,0,0,3
OurConsuls,122403829,Able Crewman,9,11/21/2023,5,1/21/2024,0,,0,,0,0,,0,0,,0,0,,0,0,,0,0,,0,0,,0,0,5
Jake_Blockman,275366162,Able Crewman,9,1/28/2021,2,1/21/2024,0,,0,,0,0,,0,0,,0,0,,0,0,,0,0,,0,0,,0,0,2
sreejomiscool,1729842101,Able Crewman,9,1/04/2024,2,1/26/2024,7,,0,,0,0,,0,0,,0,0,,0,0,,0,0,,0,0,,0,0,9
Fastbird4,14736153,Able Crewman,9,6/05/2023,3,2/01/2024,2,,0,,0,0,,0,0,,0,0,,0,0,,0,0,,0,0,,0,0,5
Demirhan453,606412605,Able Crewman,9,12/27/2023,2,2/01/2024,5,,0,,0,0,,0,0,,0,0,,0,0,,0,0,,0,0,,0,0,7
Elephantcubbbb,1398674772,Able Crewman,9,12/16/2023,11,2/07/2024,1,,0,,0,0,,0,0,,0,0,,0,0,,0,0,,0,0,,0,0,12
Suplematory,1415147557,Able Crewman,9,1/31/2024,4,2/11/2024,19,,0,,0,0,,0,0,,0,0,,0,0,,0,0,,0,0,,0,0,23
Vaibhav8522,2978181931,Able Crewman,9,7/06/2023,2,2/12/2024,0,,0,,0,0,,0,0,,0,0,,0,0,,0,0,,0,0,,0,0,2
mazenafndy,308909924,Able Crewman,9,2/04/2024,2,2/15/2024,0,,0,,0,0,,0,0,,0,0,,0,0,,0,0,,0,0,,0,0,2
Volksge1st,4619066931,Able Crewman,9,2/14/2024,3,2/22/2024,1,,0,,0,0,,0,0,,0,0,,0,0,,0,0,,0,0,,0,0,4
downloadiiing,310313873,Able Crewman,9,2/19/2024,2,3/07/2024,4,,0,,0,0,,0,0,,0,0,,0,0,,0,0,,0,0,,0,0,6
TradelandsTrucker,1196705870,Able Crewman,9,2/06/2024,4,3/18/2024,2,,0,,0,0,,0,0,,0,0,,0,0,,0,0,,0,0,,0,0,6
zoro135,36043170,Able Crewman,9,3/06/2022,16,3/26/2024,17,,0,,0,0,,0,0,,0,0,,0,0,,0,0,,0,0,,0,0,33
TheAuthoritairLebano,949439558,Able Crewman,9,3/06/2024,4,3/26/2024,3,,0,,0,0,,0,0,,0,0,,0,0,,0,0,,0,0,,0,0,7
NikolayAurelius,706147731,Able Crewman,9,2/06/2024,4,3/26/2024,2,,0,,0,0,,0,0,,0,0,,0,0,,0,0,,0,0,,0,0,6
NikolayAurelius,104519177,Able Crewman,9,2/11/2024,4,3/26/2024,2,,0,,0,0,,0,0,,0,0,,0,0,,0,0,,0,0,,0,0,6
papv99,28916384,Able Crewman,9,3/22/2024,7,4/03/2024,0,,0,,0,0,,0,0,,0,0,,0,0,,0,0,,0,0,,0,0,7
bobzido,332013490,Able Crewman,9,3/01/2024,13,4/06/2024,13,,0,,0,0,,0,0,,0,0,,0,0,,0,0,,0,0,,0,0,26
arvygerald,1855410703,Able Crewman,9,2/11/2024,3,4/06/2024,0,,0,,0,0,,0,0,,0,0,,0,0,,0,0,,0,0,,0,0,3
jkanesse,120541291,Able Crewman,9,2/19/2024,4,4/06/2024,0,,0,,0,0,,0,0,,0,0,,0,0,,0,0,,0,0,,0,0,4
thehockeyplayer56,4733979289,Able Crewman,9,2/26/2024,4,4/06/2024,0,,0,,0,0,,0,0,,0,0,,0,0,,0,0,,0,0,,0,0,4
tomasowltrust,2051120218,Able Crewman,9,3/22/2024,2,4/06/2024,0,,0,,0,0,,0,0,,0,0,,0,0,,0,0,,0,0,,0,0,2
Cladd6412,126885782,Able Crewman,9,3/12/2023,3,4/06/2024,0,,0,,0,0,,0,0,,0,0,,0,0,,0,0,,0,0,,0,0,3
RedsDead33,3343845299,Able Crewman,9,4/08/2023,2,4/06/2024,2,,0,,0,0,,0,0,,0,0,,0,0,,0,0,,0,0,,0,0,4
amugthekings,1706584188,Able Crewman,9,5/12/2023,4,4/06/2024,1,,0,,0,0,,0,0,,0,0,,0,0,,0,0,,0,0,,0,0,5
Zorpeq,1376342494,Able Crewman,9,11/30/2023,5,4/06/2024,0,,0,,0,0,,0,0,,0,0,,0,0,,0,0,,0,0,,0,0,5
JustADeer03,5085844131,Able Crewman,9,12/11/2023,2,4/06/2024,0,,0,,0,0,,0,0,,0,0,,0,0,,0,0,,0,0,,0,0,2
doudou132fr,1277077077,Able Crewman,9,1/01/2024,2,4/06/2024,0,,0,,0,0,,0,0,,0,0,,0,0,,0,0,,0,0,,0,0,2
DaviHenriqueBr,158947103,Able Crewman,9,1/16/2024,3,4/06/2024,0,,0,,0,0,,0,0,,0,0,,0,0,,0,0,,0,0,,0,0,3
flyingcocroach12,4927721887,Able Crewman,9,1/20/2024,6,4/06/2024,0,,0,,0,0,,0,0,,0,0,,0,0,,0,0,,0,0,,0,0,6
splee545,1805713669,Able Crewman,9,1/21/2024,3,4/06/2024,0,,0,,0,0,,0,0,,0,0,,0,0,,0,0,,0,0,,0,0,3
andyoid1,717038291,Able Crewman,9,1/25/2024,2,4/06/2024,0,,0,,0,0,,0,0,,0,0,,0,0,,0,0,,0,0,,0,0,2
bsingh2001,539116985,Able Crewman,9,2/25/2024,3,4/06/2024,0,,0,,0,0,,0,0,,0,0,,0,0,,0,0,,0,0,,0,0,3
HTJMADS,84166584,Able Crewman,9,2/23/2024,2,4/06/2024,0,,0,,0,0,,0,0,,0,0,,0,0,,0,0,,0,0,,0,0,2
HTJMADS,1119127908,Able Crewman,9,3/05/2024,2,4/06/2024,0,,0,,0,0,,0,0,,0,0,,0,0,,0,0,,0,0,,0,0,2
FieldOfCIovers,137699086,Able Crewman,9,9/21/2023,5,4/12/2024,5,,0,,0,0,,0,0,,0,0,,0,0,,0,0,,0,0,,0,0,10
aribornepl,171869788,Able Crewman,9,1/04/2024,8,4/14/2024,25,,0,,0,0,,0,0,,0,0,,0,0,,0,0,,0,0,,0,0,33
SaekoMayamura,583737049,Able Crewman,9,4/17/2024,4,4/25/2024,2,,0,,0,0,,0,0,,0,0,,0,0,,0,0,,0,0,,0,0,6
zachgaudioman,23135437,Able Crewman,9,7/22/2022,3,4/28/2024,2,,0,,0,0,,0,0,,0,0,,0,0,,0,0,,0,0,,0,0,5
TheDarkDev,113139664,Able Crewman,9,1/21/2024,0,5/01/2024,0,,0,,0,0,,0,0,,0,0,,0,0,,0,0,,0,0,,0,0,0
Bismarck509876,2762940750,Able Crewman,9,4/10/2024,2,5/03/2024,2,,0,,0,0,,0,0,,0,0,,0,0,,0,0,,0,0,,0,0,4
pl4y_Away,455138772,Able Crewman,9,4/10/2024,6,5/22/2024,24,,0,,0,0,,0,0,,0,0,,0,0,,0,0,,0,0,,0,0,30
vojtaprerovsky,105934763,Able Crewman,9,10/16/2023,3,5/25/2024,0,,0,,0,0,,0,0,,0,0,,0,0,,0,0,,0,0,,0,0,3
Bird23132,2640495849,Able Crewman,9,5/18/2024,2,5/29/2024,10,,0,,0,0,,0,0,,0,0,,0,0,,0,0,,0,0,,0,0,12
alwnegativeman,286666259,Able Crewman,9,,0,5/31/2024,4,,0,,0,0,,0,0,,0,0,,0,0,,0,0,,0,0,,0,0,4
Azureska,80087666,Able Crewman,9,12/28/2023,5,6/03/2024,5,,0,,0,0,,0,0,,0,0,,0,0,,0,0,,0,0,,0,0,10
Tramicus,41887815,Able Crewman,9,4/26/2024,2,6/10/2024,0,,0,,0,0,,0,0,,0,0,,0,0,,0,0,,0,0,,0,0,2
24dasr,151771230,Able Crewman,9,8/17/2021,4,6/12/2024,5,,0,,0,0,,0,0,,0,0,,0,0,,0,0,,0,0,,0,0,9
Generic_Alt42,4730648012,Able Crewman,9,5/10/2024,4,6/12/2024,1,,0,,0,0,,0,0,,0,0,,0,0,,0,0,,0,0,,0,0,5
GaMeRzFuNz,63733868,Able Crewman,9,5/13/2024,14,6/12/2024,38,,0,,0,0,,0,0,,0,0,,0,0,,0,0,,0,0,,0,0,52
kicker9063,16588965,Able Crewman,9,5/3/2024,9,6/14/2024,1,,0,,0,0,,0,0,,0,0,,0,0,,0,0,,0,0,,0,0,10
Already_dead,131425539,Able Crewman,9,6/8/2024,2,6/15/2024,6,,0,,0,0,,0,0,,0,0,,0,0,,0,0,,0,0,,0,0,8
GamingJacobJunior,296431158,Able Crewman,9,6/9/2024,5,6/16/2024,12,,0,,0,0,,0,0,,0,0,,0,0,,0,0,,0,0,,0,0,17
RealmSkp,296423843,Able Crewman,9,6/10/2024,4,6/19/2024,1,,0,,0,0,,0,0,,0,0,,0,0,,0,0,,0,0,,0,0,5
BakerMayfieldnum6,1624540151,Able Crewman,9,6/9/2024,2,6/20/2024,0,,0,,0,0,,0,0,,0,0,,0,0,,0,0,,0,0,,0,0,2
jacksen01,289516629,Able Crewman,9,6/15/2024,7,6/24/2024,1,,0,,0,0,,0,0,,0,0,,0,0,,0,0,,0,0,,0,0,8
goldenboy27510,273490775,Able Crewman,9,6/11/2024,9,6/24/2024,2,,0,,0,0,,0,0,,0,0,,0,0,,0,0,,0,0,,0,0,11
Powjii,2926083891,Able Crewman,9,6/14/2024,2,6/25/2024,16,,0,,0,0,,0,0,,0,0,,0,0,,0,0,,0,0,,0,0,18
santiagogamer87,235581968,Able Crewman,9,6/11/2024,3,6/28/2024,5,,0,,0,0,,0,0,,0,0,,0,0,,0,0,,0,0,,0,0,8
NukeDukem3,290481291,Able Crewman,9,6/13/2024,8,6/28/2024,0,,0,,0,0,,0,0,,0,0,,0,0,,0,0,,0,0,,0,0,8
Saijbey,2004853434,Able Crewman,9,6/13/2024,3,6/28/2024,0,,0,,0,0,,0,0,,0,0,,0,0,,0,0,,0,0,,0,0,3
Quinten1920lol,1174595593,Able Crewman,9,6/13/2024,3,6/28/2024,0,,0,,0,0,,0,0,,0,0,,0,0,,0,0,,0,0,,0,0,3
january_guy,1515209071,Able Crewman,9,6/17/2024,2,6/28/2024,0,,0,,0,0,,0,0,,0,0,,0,0,,0,0,,0,0,,0,0,2
jamiepage1917,79230222,Able Crewman,9,6/20/2024,4,6/29/2024,1,,0,,0,0,,0,0,,0,0,,0,0,,0,0,,0,0,,0,0,5
Zeus9lololololo,4121091048,Able Crewman,9,6/15/2024,4,7/2/2024,2,,0,,0,0,,0,0,,0,0,,0,0,,0,0,,0,0,,0,0,6
Mooseyung,165835348,Able Crewman,9,,0,7/9/2024,0,,0,,0,0,,0,0,,0,0,,0,0,,0,0,,0,0,,0,0,0
MrOwenkritz,3399485853,Able Crewman,9,6/29/2024,7,7/9/2024,6,,0,,0,0,,0,0,,0,0,,0,0,,0,0,,0,0,,0,0,13
Ka_nds,283584603,Able Crewman,9,8/2/2023,7,7/11/2024,0,,0,,0,0,,0,0,,0,0,,0,0,,0,0,,0,0,,0,0,7
vbar911,291846469,Able Crewman,9,6/13/2024,2,7/11/2024,1,,0,,0,0,,0,0,,0,0,,0,0,,0,0,,0,0,,0,0,3
JohnSa234,1653200159,Able Crewman,9,1/22/2022,0,7/11/2024,2,,0,,0,0,,0,0,,0,0,,0,0,,0,0,,0,0,,0,0,2
NSCTEAMG,638948435,Able Crewman,9,7/2/2024,1,7/14/2024,1,,0,,0,0,,0,0,,0,0,,0,0,,0,0,,0,0,,0,0,2
1TheRoadWarrior1,161191607,Able Crewman,9,7/7/2024,7,7/14/2024,5,,0,,0,0,,0,0,,0,0,,0,0,,0,0,,0,0,,0,0,12
8backwoods,77752819,Able Crewman,9,1/31/2024,6,7/17/2024,2,,0,,0,0,,0,0,,0,0,,0,0,,0,0,,0,0,,0,0,8
i_Atmosphere,49020722,Able Crewman,9,4/20/2023,7,7/17/2024,0,,0,,0,0,,0,0,,0,0,,0,0,,0,0,,0,0,,0,0,7
MrTryScience,100445020,Able Crewman,9,10/14/2023,4,7/17/2024,0,,0,,0,0,,0,0,,0,0,,0,0,,0,0,,0,0,,0,0,4
wertotad,2323161231,Able Crewman,9,5/3/2024,0,7/17/2024,0,,0,,0,0,,0,0,,0,0,,0,0,,0,0,,0,0,,0,0,0
YT_MaRf,1997694781,Able Crewman,9,5/6/2024,2,7/17/2024,1,,0,,0,0,,0,0,,0,0,,0,0,,0,0,,0,0,,0,0,3
6ryph,127070466,Able Crewman,9,6/2/2024,5,7/17/2024,0,,0,,0,0,,0,0,,0,0,,0,0,,0,0,,0,0,,0,0,5
rockbands,7203826,Able Crewman,9,6/9/2024,4,7/17/2024,3,,0,,0,0,,0,0,,0,0,,0,0,,0,0,,0,0,,0,0,7
VivaIasVegas,702523338,Able Crewman,9,3/2/2024,4,7/17/2024,0,,0,,0,0,,0,0,,0,0,,0,0,,0,0,,0,0,,0,0,4
JAC19791,783554790,Able Crewman,9,6/11/2024,6,7/17/2024,0,,0,,0,0,,0,0,,0,0,,0,0,,0,0,,0,0,,0,0,6
BaceTrooper21,1615556079,Able Crewman,9,7/5/2024,13,7/17/2024,0,,0,,0,0,,0,0,,0,0,,0,0,,0,0,,0,0,,0,0,13
pleuca,125421885,Able Crewman,9,7/11/2024,3,7/18/2024,2,,0,,0,0,,0,0,,0,0,,0,0,,0,0,,0,0,,0,0,5
megapigs,48677320,Able Crewman,9,5/6/2024,3,7/19/2024,0,,0,,0,0,,0,0,,0,0,,0,0,,0,0,,0,0,,0,0,3
Asharralex,1205213823,Able Crewman,9,6/19/2024,7,7/20/2024,6,,0,,0,0,,0,0,,0,0,,0,0,,0,0,,0,0,,0,0,13
jak718,48589983,Able Crewman,9,7/11/2024,6,7/22/2024,8,,0,,0,0,,0,0,,0,0,,0,0,,0,0,,0,0,,0,0,14
z_jxzh,1061989346,Able Crewman,9,,0,7/29/2024,0,,0,,0,0,,0,0,,0,0,,0,0,,0,0,,0,0,,0,0,0
ROBO2128,730727374,Able Crewman,9,7/23/2024,2,7/30/2024,2,,0,,0,0,,0,0,,0,0,,0,0,,0,0,,0,0,,0,0,4
TheDrifter098,2364332301,Able Crewman,9,7/19/2024,8,7/31/2024,26,,0,,0,0,,0,0,,0,0,,0,0,,0,0,,0,0,,0,0,34
Defectivithan,191241760,Able Crewman,9,,0,8/1/2024,0,,0,,0,0,,0,0,,0,0,,0,0,,0,0,,0,0,,0,0,0
MorpheusAwoken,404502798,Able Crewman,9,7/6/2023,14,8/2/2024,0,,0,,0,0,,0,0,,0,0,,0,0,,0,0,,0,0,,0,0,14
Dabombdotcom73,234164491,Able Crewman,9,1/20/2024,6,8/3/2024,4,,0,,0,0,,0,0,,0,0,,0,0,,0,0,,0,0,,0,0,10
DetectiveBuddy123,2346313057,Able Crewman,9,6/16/2024,2,8/3/2024,0,,0,,0,0,,0,0,,0,0,,0,0,,0,0,,0,0,,0,0,2
YannVerandus,355225569,Able Crewman,9,6/22/2024,2,8/3/2024,0,,0,,0,0,,0,0,,0,0,,0,0,,0,0,,0,0,,0,0,2
MR_Kaan96,2059972017,Able Crewman,9,7/20/2024,4,8/6/2024,1,,0,,0,0,,0,0,,0,0,,0,0,,0,0,,0,0,,0,0,5
CBJ200,68693445,Able Crewman,9,6/13/2024,10,8/14/2024,1,,0,,0,0,,0,0,,0,0,,0,0,,0,0,,0,0,,0,0,11
KazimirReis,7092745246,Able Crewman,9,8/7/2024,10,8/14/2024,15,,0,,0,0,,0,0,,0,0,,0,0,,0,0,,0,0,,0,0,25
sakato2222,567984136,Able Crewman,9,,0,8/16/2024,7,,0,,0,0,,0,0,,0,0,,0,0,,0,0,,0,0,,0,0,7
bmark0702,56300198,Able Crewman,9,8/14/2024,3,8/24/2024,1,,0,,0,0,,0,0,,0,0,,0,0,,0,0,,0,0,,0,0,4
Crashcp,121354985,Able Crewman,9,,0,8/26/2024,0,,0,,0,0,,0,0,,0,0,,0,0,,0,0,,0,0,,0,0,0
johnjohnson426,2733676226,Able Crewman,9,,0,8/26/2024,0,,0,,0,0,,0,0,,0,0,,0,0,,0,0,,0,0,,0,0,0
Mr_qeng,3908493773,Able Crewman,9,8/23/2024,7,9/2/2024,1,,0,,0,0,,0,0,,0,0,,0,0,,0,0,,0,0,,0,0,8
bonjoboncool,20057474,Crewman,91,,0,,0,,0,,0,0,,0,0,,0,0,,0,0,,0,0,,0,0,,0,0,0
SiglakS_YT,450929063,Crewman,91,,0,,0,,0,,0,0,,0,0,,0,0,,0,0,,0,0,,0,0,,0,0,0
imcIarence,1378993416,Crewman,91,,0,,0,,0,,0,0,,0,0,,0,0,,0,0,,0,0,,0,0,,0,0,0
lowjames123,37076687,Crewman,91,,0,,0,,0,,0,0,,0,0,,0,0,,0,0,,0,0,,0,0,,0,0,0
TF2BLUCZ,411978135,Crewman,91,3/17/2020,2,,0,,0,,0,0,,0,0,,0,0,,0,0,,0,0,,0,0,,0,0,2
Scary767A,302065886,Crewman,91,10/8/2020,20,,0,,0,,0,0,,0,0,,0,0,,0,0,,0,0,,0,0,,0,0,20
FurballThePro,1038427813,Crewman,91,10/25/2020,2,,0,,0,,0,0,,0,0,,0,0,,0,0,,0,0,,0,0,,0,0,2
DairyDarling,28958527,Crewman,91,11/14/2020,0,,0,,0,,0,0,,0,0,,0,0,,0,0,,0,0,,0,0,,0,0,0
po2040,891341833,Crewman,91,11/28/2020,1,,0,,0,,0,0,,0,0,,0,0,,0,0,,0,0,,0,0,,0,0,1
mike13585,319016956,Crewman,91,12/23/2020,8,,0,,0,,0,0,,0,0,,0,0,,0,0,,0,0,,0,0,,0,0,8
bossmen200,103198406,Crewman,91,12/31/2020,1,,0,,0,,0,0,,0,0,,0,0,,0,0,,0,0,,0,0,,0,0,1
ninjalos12,1430421980,Crewman,91,1/20/2021,1,,0,,0,,0,0,,0,0,,0,0,,0,0,,0,0,,0,0,,0,0,1
padadi,374546952,Crewman,91,1/23/2021,1,,0,,0,,0,0,,0,0,,0,0,,0,0,,0,0,,0,0,,0,0,1
SIBZ_3,118637715,Crewman,91,2/1/2021,16,,0,,0,,0,0,,0,0,,0,0,,0,0,,0,0,,0,0,,0,0,16
awahhab33,104041168,Crewman,91,2/2/2021,14,,0,,0,,0,0,,0,0,,0,0,,0,0,,0,0,,0,0,,0,0,14
TheFORTmaker132435,1469641606,Crewman,91,2/5/2021,5,,0,,0,,0,0,,0,0,,0,0,,0,0,,0,0,,0,0,,0,0,5
Flexeiboy,1481892365,Crewman,91,3/1/2021,2,,0,,0,,0,0,,0,0,,0,0,,0,0,,0,0,,0,0,,0,0,2
jaspertrinidad0,204860625,Crewman,91,3/10/2021,0,,0,,0,,0,0,,0,0,,0,0,,0,0,,0,0,,0,0,,0,0,0
AlexAquatics,1002815101,Crewman,91,3/30/2021,8,,0,,0,,0,0,,0,0,,0,0,,0,0,,0,0,,0,0,,0,0,8
JanguFett,36743118,Crewman,91,4/2/2021,1,,0,,0,,0,0,,0,0,,0,0,,0,0,,0,0,,0,0,,0,0,1
JohnAviations,101863502,Crewman,91,4/2/2021,4,,0,,0,,0,0,,0,0,,0,0,,0,0,,0,0,,0,0,,0,0,4
cabbaageleefe,1552631924,Crewman,91,4/5/2021,3,,0,,0,,0,0,,0,0,,0,0,,0,0,,0,0,,0,0,,0,0,3
Kirsnov,2363643096,Crewman,91,4/9/2021,1,,0,,0,,0,0,,0,0,,0,0,,0,0,,0,0,,0,0,,0,0,1
CycloneBlizzard,699137989,Crewman,91,4/11/2021,3,,0,,0,,0,0,,0,0,,0,0,,0,0,,0,0,,0,0,,0,0,3
BlaCkBRoZzi,1081775169,Crewman,91,4/13/2021,5,,0,,0,,0,0,,0,0,,0,0,,0,0,,0,0,,0,0,,0,0,5
sf2100000,1001227438,Crewman,91,4/15/2021,3,,0,,0,,0,0,,0,0,,0,0,,0,0,,0,0,,0,0,,0,0,3
EAGLE321465,609520198,Crewman,91,4/18/2021,5,,0,,0,,0,0,,0,0,,0,0,,0,0,,0,0,,0,0,,0,0,5
JOSHUA39185,206048321,Crewman,91,4/18/2021,2,,0,,0,,0,0,,0,0,,0,0,,0,0,,0,0,,0,0,,0,0,2
perceptibIe,241046478,Crewman,91,4/20/2021,2,,0,,0,,0,0,,0,0,,0,0,,0,0,,0,0,,0,0,,0,0,2
osa912,649350866,Crewman,91,4/21/2021,0,,0,,0,,0,0,,0,0,,0,0,,0,0,,0,0,,0,0,,0,0,0
Kylethe_nub,1243986308,Crewman,91,4/22/2021,2,,0,,0,,0,0,,0,0,,0,0,,0,0,,0,0,,0,0,,0,0,2
Dollynho_10,201539309,Crewman,91,4/25/2021,2,,0,,0,,0,0,,0,0,,0,0,,0,0,,0,0,,0,0,,0,0,2
LightSIPPAKON,170464301,Crewman,91,4/26/2021,10,,0,,0,,0,0,,0,0,,0,0,,0,0,,0,0,,0,0,,0,0,10
Commander_Robloxian5,967531502,Crewman,91,4/27/2021,11,,0,,0,,0,0,,0,0,,0,0,,0,0,,0,0,,0,0,,0,0,11
iClogPortaPotties,2396718156,Crewman,91,4/28/2021,5,,0,,0,,0,0,,0,0,,0,0,,0,0,,0,0,,0,0,,0,0,5
tico987,36332852,Crewman,91,4/29/2021,0,,0,,0,,0,0,,0,0,,0,0,,0,0,,0,0,,0,0,,0,0,0
diegorkus,902589988,Crewman,91,4/29/2021,6,,0,,0,,0,0,,0,0,,0,0,,0,0,,0,0,,0,0,,0,0,6
Daniloproionsp,485134470,Crewman,91,5/2/2021,2,,0,,0,,0,0,,0,0,,0,0,,0,0,,0,0,,0,0,,0,0,2
xcuddlycatx,102817706,Crewman,91,5/2/2021,0,,0,,0,,0,0,,0,0,,0,0,,0,0,,0,0,,0,0,,0,0,0
perteck,172354145,Crewman,91,5/3/2021,2,,0,,0,,0,0,,0,0,,0,0,,0,0,,0,0,,0,0,,0,0,2
whalansss,139743102,Crewman,91,5/5/2021,3,,0,,0,,0,0,,0,0,,0,0,,0,0,,0,0,,0,0,,0,0,3
DragonSlayerzx4,160512674,Crewman,91,5/9/2021,7,,0,,0,,0,0,,0,0,,0,0,,0,0,,0,0,,0,0,,0,0,7
MelonTreats,228958467,Crewman,91,5/12/2021,1,,0,,0,,0,0,,0,0,,0,0,,0,0,,0,0,,0,0,,0,0,1
boss1232198,167969535,Crewman,91,5/12/2021,3,,0,,0,,0,0,,0,0,,0,0,,0,0,,0,0,,0,0,,0,0,3
lukerpower5,463063195,Crewman,91,5/19/2021,3,,0,,0,,0,0,,0,0,,0,0,,0,0,,0,0,,0,0,,0,0,3
funhouse7777,132754746,Crewman,91,5/28/2021,3,,0,,0,,0,0,,0,0,,0,0,,0,0,,0,0,,0,0,,0,0,3
Gust1400,28396985,Crewman,91,5/28/2021,9,,0,,0,,0,0,,0,0,,0,0,,0,0,,0,0,,0,0,,0,0,9
Skyrunner1211,1577810128,Crewman,91,6/2/2021,1,,0,,0,,0,0,,0,0,,0,0,,0,0,,0,0,,0,0,,0,0,1
Olegtopec,1160571070,Crewman,91,6/5/2021,5,,0,,0,,0,0,,0,0,,0,0,,0,0,,0,0,,0,0,,0,0,5
Shihef,40003666,Crewman,91,6/13/2021,2,,0,,0,,0,0,,0,0,,0,0,,0,0,,0,0,,0,0,,0,0,2
devlegend9,1561057020,Crewman,91,6/14/2021,1,,0,,0,,0,0,,0,0,,0,0,,0,0,,0,0,,0,0,,0,0,1
Pepp1no,190398671,Crewman,91,6/18/2021,5,,0,,0,,0,0,,0,0,,0,0,,0,0,,0,0,,0,0,,0,0,5
brownieface2000,107069869,Crewman,91,6/21/2021,6,,0,,0,,0,0,,0,0,,0,0,,0,0,,0,0,,0,0,,0,0,6
foodmonsterrr,1076069328,Crewman,91,6/27/2021,17,,0,,0,,0,0,,0,0,,0,0,,0,0,,0,0,,0,0,,0,0,17
TagsAreTotalyAlowed2,672414984,Crewman,91,6/27/2021,1,,0,,0,,0,0,,0,0,,0,0,,0,0,,0,0,,0,0,,0,0,1
Cuentamilitar2020,2007265759,Crewman,91,7/2/2021,1,,0,,0,,0,0,,0,0,,0,0,,0,0,,0,0,,0,0,,0,0,1
pokeinamow,1145956379,Crewman,91,7/2/2021,1,,0,,0,,0,0,,0,0,,0,0,,0,0,,0,0,,0,0,,0,0,1
Bestpoliceofficer12,184430078,Crewman,91,7/3/2021,0,,0,,0,,0,0,,0,0,,0,0,,0,0,,0,0,,0,0,,0,0,0
godel_5,1031812765,Crewman,91,7/4/2021,5,,0,,0,,0,0,,0,0,,0,0,,0,0,,0,0,,0,0,,0,0,5
miqi222,122683157,Crewman,91,7/4/2021,10,,0,,0,,0,0,,0,0,,0,0,,0,0,,0,0,,0,0,,0,0,10
Sully321234,1353777412,Crewman,91,7/5/2021,0,,0,,0,,0,0,,0,0,,0,0,,0,0,,0,0,,0,0,,0,0,0
rixrax10,1194126518,Crewman,91,7/5/2021,0,,0,,0,,0,0,,0,0,,0,0,,0,0,,0,0,,0,0,,0,0,0
mastergamer18,68721166,Crewman,91,7/7/2021,1,,0,,0,,0,0,,0,0,,0,0,,0,0,,0,0,,0,0,,0,0,1
ILIKESQUIRTLES2019,1008048858,Crewman,91,7/8/2021,3,,0,,0,,0,0,,0,0,,0,0,,0,0,,0,0,,0,0,,0,0,3
EthanATX,99746463,Crewman,91,7/9/2021,0,,0,,0,,0,0,,0,0,,0,0,,0,0,,0,0,,0,0,,0,0,0
Yaherme,41135012,Crewman,91,7/12/2021,0,,0,,0,,0,0,,0,0,,0,0,,0,0,,0,0,,0,0,,0,0,0
Juriaanes,953735456,Crewman,91,7/14/2021,2,,0,,0,,0,0,,0,0,,0,0,,0,0,,0,0,,0,0,,0,0,2
CrystystalJ7,1045981876,Crewman,91,7/16/2021,0,,0,,0,,0,0,,0,0,,0,0,,0,0,,0,0,,0,0,,0,0,0
ItsMatinLah,1734098487,Crewman,91,7/17/2021,0,,0,,0,,0,0,,0,0,,0,0,,0,0,,0,0,,0,0,,0,0,0
Upgraderdx092410,552957138,Crewman,91,7/17/2021,3,,0,,0,,0,0,,0,0,,0,0,,0,0,,0,0,,0,0,,0,0,3
jeffgetwekt,724646893,Crewman,91,7/21/2021,0,,0,,0,,0,0,,0,0,,0,0,,0,0,,0,0,,0,0,,0,0,0
odstsparten13,907696995,Crewman,91,7/22/2021,0,,0,,0,,0,0,,0,0,,0,0,,0,0,,0,0,,0,0,,0,0,0
Artilleryman_WW2,1888274952,Crewman,91,7/22/2021,1,,0,,0,,0,0,,0,0,,0,0,,0,0,,0,0,,0,0,,0,0,1
ikbenik04,1036020869,Crewman,91,7/22/2021,4,,0,,0,,0,0,,0,0,,0,0,,0,0,,0,0,,0,0,,0,0,4
loe1275,707344,Crewman,91,7/23/2021,0,,0,,0,,0,0,,0,0,,0,0,,0,0,,0,0,,0,0,,0,0,0
youareaprostate,794552865,Crewman,91,7/23/2021,0,,0,,0,,0,0,,0,0,,0,0,,0,0,,0,0,,0,0,,0,0,0
Finlandguy95,1701002105,Crewman,91,7/23/2021,0,,0,,0,,0,0,,0,0,,0,0,,0,0,,0,0,,0,0,,0,0,0
BurgerBadgerer,1196442831,Crewman,91,7/24/2021,0,,0,,0,,0,0,,0,0,,0,0,,0,0,,0,0,,0,0,,0,0,0
imboss78,63606442,Crewman,91,7/24/2021,0,,0,,0,,0,0,,0,0,,0,0,,0,0,,0,0,,0,0,,0,0,0
hunternulprime,230585788,Crewman,91,7/25/2021,0,,0,,0,,0,0,,0,0,,0,0,,0,0,,0,0,,0,0,,0,0,0
BigBoyB2100,1575738330,Crewman,91,7/26/2021,0,,0,,0,,0,0,,0,0,,0,0,,0,0,,0,0,,0,0,,0,0,0
HeaTeeX,336891655,Crewman,91,8/1/2021,0,,0,,0,,0,0,,0,0,,0,0,,0,0,,0,0,,0,0,,0,0,0
NK9K,240694017,Crewman,91,8/1/2021,0,,0,,0,,0,0,,0,0,,0,0,,0,0,,0,0,,0,0,,0,0,0
GunOnYourNeck,351071557,Crewman,91,8/4/2021,0,,0,,0,,0,0,,0,0,,0,0,,0,0,,0,0,,0,0,,0,0,0
Veldie14m,151893666,Crewman,91,8/4/2021,1,,0,,0,,0,0,,0,0,,0,0,,0,0,,0,0,,0,0,,0,0,1
arthurmorgan3256,2239610890,Crewman,91,8/5/2021,1,,0,,0,,0,0,,0,0,,0,0,,0,0,,0,0,,0,0,,0,0,1
ps0820,93337418,Crewman,91,8/5/2021,0,,0,,0,,0,0,,0,0,,0,0,,0,0,,0,0,,0,0,,0,0,0
25penjia,242717523,Crewman,91,8/5/2021,0,,0,,0,,0,0,,0,0,,0,0,,0,0,,0,0,,0,0,,0,0,0
DameSilver,96867237,Crewman,91,8/6/2021,0,,0,,0,,0,0,,0,0,,0,0,,0,0,,0,0,,0,0,,0,0,0
Boyisblue,224017100,Crewman,91,8/7/2021,0,,0,,0,,0,0,,0,0,,0,0,,0,0,,0,0,,0,0,,0,0,0
junglescorpio12,1361524131,Crewman,91,8/8/2021,0,,0,,0,,0,0,,0,0,,0,0,,0,0,,0,0,,0,0,,0,0,0
rtt_YT,164575787,Crewman,91,8/12/2021,0,,0,,0,,0,0,,0,0,,0,0,,0,0,,0,0,,0,0,,0,0,0
sachin2009,194498083,Crewman,91,8/17/2021,1,,0,,0,,0,0,,0,0,,0,0,,0,0,,0,0,,0,0,,0,0,1
derthss,1239799946,Crewman,91,8/22/2021,4,,0,,0,,0,0,,0,0,,0,0,,0,0,,0,0,,0,0,,0,0,4
45th_TheRealBmac,567651516,Crewman,91,8/27/2021,1,,0,,0,,0,0,,0,0,,0,0,,0,0,,0,0,,0,0,,0,0,1
AuduVI,147125113,Crewman,91,8/28/2021,0,,0,,0,,0,0,,0,0,,0,0,,0,0,,0,0,,0,0,,0,0,0
rodelgad,264612856,Crewman,91,8/28/2021,0,,0,,0,,0,0,,0,0,,0,0,,0,0,,0,0,,0,0,,0,0,0
terrydad,39272276,Crewman,91,8/28/2021,1,,0,,0,,0,0,,0,0,,0,0,,0,0,,0,0,,0,0,,0,0,1
pboiplays,2424091425,Crewman,91,8/30/2021,1,,0,,0,,0,0,,0,0,,0,0,,0,0,,0,0,,0,0,,0,0,1
MrJohnLongshot,2006718032,Crewman,91,9/1/2021,0,,0,,0,,0,0,,0,0,,0,0,,0,0,,0,0,,0,0,,0,0,0
luckycat0512,284646054,Crewman,91,9/4/2021,0,,0,,0,,0,0,,0,0,,0,0,,0,0,,0,0,,0,0,,0,0,0
BOWoW7474,1549454262,Crewman,91,9/8/2021,0,,0,,0,,0,0,,0,0,,0,0,,0,0,,0,0,,0,0,,0,0,0
ondra2123,1052286036,Crewman,91,9/11/2021,2,,0,,0,,0,0,,0,0,,0,0,,0,0,,0,0,,0,0,,0,0,2
xavipt1,325658030,Crewman,91,9/22/2021,2,,0,,0,,0,0,,0,0,,0,0,,0,0,,0,0,,0,0,,0,0,2
JabbaTheJediTM,115870220,Crewman,91,9/22/2021,1,,0,,0,,0,0,,0,0,,0,0,,0,0,,0,0,,0,0,,0,0,1
MusicSounds1011,89278499,Crewman,91,9/27/2021,0,,0,,0,,0,0,,0,0,,0,0,,0,0,,0,0,,0,0,,0,0,0
Oldman2004120,,Crewman,91,9/28/2021,0,,0,,0,,0,0,,0,0,,0,0,,0,0,,0,0,,0,0,,0,0,0
titaniccaptain4,134235682,Crewman,91,9/29/2021,1,,0,,0,,0,0,,0,0,,0,0,,0,0,,0,0,,0,0,,0,0,1
Oceanluna565,570034489,Crewman,91,10/2/2021,0,,0,,0,,0,0,,0,0,,0,0,,0,0,,0,0,,0,0,,0,0,0
fhggfjghghgh,722143031,Crewman,91,10/2/2021,1,,0,,0,,0,0,,0,0,,0,0,,0,0,,0,0,,0,0,,0,0,1
RobloxBoy25876,476748198,Crewman,91,10/8/2021,0,,0,,0,,0,0,,0,0,,0,0,,0,0,,0,0,,0,0,,0,0,0
lowlightdragon10,1136574828,Crewman,91,10/17/2021,0,,0,,0,,0,0,,0,0,,0,0,,0,0,,0,0,,0,0,,0,0,0
GreatMasseffect10,184974042,Crewman,91,10/19/2021,0,,0,,0,,0,0,,0,0,,0,0,,0,0,,0,0,,0,0,,0,0,0
Pa_nds,184193726,Crewman,91,10/23/2021,1,,0,,0,,0,0,,0,0,,0,0,,0,0,,0,0,,0,0,,0,0,1
XxzetsuHD,112366007,Crewman,91,10/23/2021,3,,0,,0,,0,0,,0,0,,0,0,,0,0,,0,0,,0,0,,0,0,3
illusion6090,2602127205,Crewman,91,10/25/2021,1,,0,,0,,0,0,,0,0,,0,0,,0,0,,0,0,,0,0,,0,0,1
Spacey_0,1504534054,Crewman,91,10/28/2021,0,,0,,0,,0,0,,0,0,,0,0,,0,0,,0,0,,0,0,,0,0,0
legokilla5,25784100,Crewman,91,11/6/2021,4,,0,,0,,0,0,,0,0,,0,0,,0,0,,0,0,,0,0,,0,0,4
mlgplayer12386,466728577,Crewman,91,11/6/2021,4,,0,,0,,0,0,,0,0,,0,0,,0,0,,0,0,,0,0,,0,0,4
ItzCanon_Fodder,3022573299,Crewman,91,11/7/2021,0,,0,,0,,0,0,,0,0,,0,0,,0,0,,0,0,,0,0,,0,0,0
ogi555g15,1426990776,Crewman,91,11/8/2021,0,,0,,0,,0,0,,0,0,,0,0,,0,0,,0,0,,0,0,,0,0,0
TINTINTONTONK,496968571,Crewman,91,11/11/2021,4,,0,,0,,0,0,,0,0,,0,0,,0,0,,0,0,,0,0,,0,0,4
adamlikesturtles7,575887801,Crewman,91,11/15/2021,1,,0,,0,,0,0,,0,0,,0,0,,0,0,,0,0,,0,0,,0,0,1
yeemanhi1,1643634063,Crewman,91,11/17/2021,7,,0,,0,,0,0,,0,0,,0,0,,0,0,,0,0,,0,0,,0,0,7
super_slayer7,1244406641,Crewman,91,11/17/2021,0,,0,,0,,0,0,,0,0,,0,0,,0,0,,0,0,,0,0,,0,0,0
cyanpatato10,2219903975,Crewman,91,11/18/2021,0,,0,,0,,0,0,,0,0,,0,0,,0,0,,0,0,,0,0,,0,0,0
akososkathepro,1212637565,Crewman,91,11/18/2021,1,,0,,0,,0,0,,0,0,,0,0,,0,0,,0,0,,0,0,,0,0,1
tasarbombaa,311360707,Crewman,91,11/22/2021,1,,0,,0,,0,0,,0,0,,0,0,,0,0,,0,0,,0,0,,0,0,1
HanLan1,197309307,Crewman,91,12/3/2021,0,,0,,0,,0,0,,0,0,,0,0,,0,0,,0,0,,0,0,,0,0,0
I3rycie,325502065,Crewman,91,12/8/2021,0,,0,,0,,0,0,,0,0,,0,0,,0,0,,0,0,,0,0,,0,0,0
blue_bird656,243139228,Crewman,91,12/8/2021,0,,0,,0,,0,0,,0,0,,0,0,,0,0,,0,0,,0,0,,0,0,0
cool103boy9karl,1316093152,Crewman,91,12/8/2021,0,,0,,0,,0,0,,0,0,,0,0,,0,0,,0,0,,0,0,,0,0,0
DaniFu22,826860310,Crewman,91,12/8/2021,0,,0,,0,,0,0,,0,0,,0,0,,0,0,,0,0,,0,0,,0,0,0
Chad_burns,709370411,Crewman,91,12/8/2021,0,,0,,0,,0,0,,0,0,,0,0,,0,0,,0,0,,0,0,,0,0,0
cmj07245,440287569,Crewman,91,12/9/2021,4,,0,,0,,0,0,,0,0,,0,0,,0,0,,0,0,,0,0,,0,0,4
MLGNOTHAX,128464629,Crewman,91,12/9/2021,0,,0,,0,,0,0,,0,0,,0,0,,0,0,,0,0,,0,0,,0,0,0
Tiger_aspectlol,1158522699,Crewman,91,12/12/2021,0,,0,,0,,0,0,,0,0,,0,0,,0,0,,0,0,,0,0,,0,0,0
Glowing_Radio,495038393,Crewman,91,12/13/2021,0,,0,,0,,0,0,,0,0,,0,0,,0,0,,0,0,,0,0,,0,0,0
KRNTrix,197789280,Crewman,91,12/19/2021,0,,0,,0,,0,0,,0,0,,0,0,,0,0,,0,0,,0,0,,0,0,0
iimacutieG,3144299365,Crewman,91,12/19/2021,0,,0,,0,,0,0,,0,0,,0,0,,0,0,,0,0,,0,0,,0,0,0
VagabondLapiz,1587219804,Crewman,91,12/20/2021,0,,0,,0,,0,0,,0,0,,0,0,,0,0,,0,0,,0,0,,0,0,0
Icy_Cubes,146605274,Crewman,91,12/23/2021,3,,0,,0,,0,0,,0,0,,0,0,,0,0,,0,0,,0,0,,0,0,3
Pork_chop5678,1846413619,Crewman,91,12/27/2021,0,,0,,0,,0,0,,0,0,,0,0,,0,0,,0,0,,0,0,,0,0,0
Axeldenvon,1536162717,Crewman,91,12/28/2021,0,,0,,0,,0,0,,0,0,,0,0,,0,0,,0,0,,0,0,,0,0,0
RufusTheDufus96,1347402563,Crewman,91,12/28/2021,4,,0,,0,,0,0,,0,0,,0,0,,0,0,,0,0,,0,0,,0,0,4
xa1y,694040077,Crewman,91,12/30/2021,0,,0,,0,,0,0,,0,0,,0,0,,0,0,,0,0,,0,0,,0,0,0
ClumsyWolf5555,129553889,Crewman,91,1/1/2022,4,,0,,0,,0,0,,0,0,,0,0,,0,0,,0,0,,0,0,,0,0,4
SirEdwardMario,66225955,Crewman,91,1/1/2022,0,,0,,0,,0,0,,0,0,,0,0,,0,0,,0,0,,0,0,,0,0,0
slumpergamer,930313695,Crewman,91,1/1/2022,0,,0,,0,,0,0,,0,0,,0,0,,0,0,,0,0,,0,0,,0,0,0
Sirigglythe4rd,1440596532,Crewman,91,1/3/2022,3,,0,,0,,0,0,,0,0,,0,0,,0,0,,0,0,,0,0,,0,0,3
HELLKITCHEN72,2663821794,Crewman,91,1/3/2022,4,,0,,0,,0,0,,0,0,,0,0,,0,0,,0,0,,0,0,,0,0,4
Russian_best,1163490756,Crewman,91,1/4/2022,1,,0,,0,,0,0,,0,0,,0,0,,0,0,,0,0,,0,0,,0,0,1
blockix123,315381060,Crewman,91,1/5/2022,3,,0,,0,,0,0,,0,0,,0,0,,0,0,,0,0,,0,0,,0,0,3
Sunwhip_44,1748374974,Crewman,91,1/12/2022,0,,0,,0,,0,0,,0,0,,0,0,,0,0,,0,0,,0,0,,0,0,0
4535375,243536345,Crewman,91,1/13/2022,0,,0,,0,,0,0,,0,0,,0,0,,0,0,,0,0,,0,0,,0,0,0
kiwicena,116738427,Crewman,91,1/13/2022,0,,0,,0,,0,0,,0,0,,0,0,,0,0,,0,0,,0,0,,0,0,0
realmango87,768838362,Crewman,91,1/14/2022,0,,0,,0,,0,0,,0,0,,0,0,,0,0,,0,0,,0,0,,0,0,0
HipHapHopity,857387824,Crewman,91,1/17/2022,1,,0,,0,,0,0,,0,0,,0,0,,0,0,,0,0,,0,0,,0,0,1
Marcuzinator,1772578684,Crewman,91,1/20/2022,0,,0,,0,,0,0,,0,0,,0,0,,0,0,,0,0,,0,0,,0,0,0
palaki31,312277972,Crewman,91,1/20/2022,0,,0,,0,,0,0,,0,0,,0,0,,0,0,,0,0,,0,0,,0,0,0
latecatalog2,297646248,Crewman,91,1/21/2022,1,,0,,0,,0,0,,0,0,,0,0,,0,0,,0,0,,0,0,,0,0,1
ARVIESXD,123690421,Crewman,91,1/22/2022,5,,0,,0,,0,0,,0,0,,0,0,,0,0,,0,0,,0,0,,0,0,5
alexis1awsome,100291540,Crewman,91,1/24/2022,0,,0,,0,,0,0,,0,0,,0,0,,0,0,,0,0,,0,0,,0,0,0
SpEeDtYReXVersion2,2521448887,Crewman,91,1/26/2022,0,,0,,0,,0,0,,0,0,,0,0,,0,0,,0,0,,0,0,,0,0,0
leo_kadabra,223926327,Crewman,91,1/27/2022,0,,0,,0,,0,0,,0,0,,0,0,,0,0,,0,0,,0,0,,0,0,0
Epiqx,87549756,Crewman,91,1/27/2022,3,,0,,0,,0,0,,0,0,,0,0,,0,0,,0,0,,0,0,,0,0,3
naftihazen,346037528,Crewman,91,1/29/2022,0,,0,,0,,0,0,,0,0,,0,0,,0,0,,0,0,,0,0,,0,0,0
Ikeru_Kenshi,1793715631,Crewman,91,2/4/2022,0,,0,,0,,0,0,,0,0,,0,0,,0,0,,0,0,,0,0,,0,0,0
Spades_TR2,3285464613,Crewman,91,2/6/2022,0,,0,,0,,0,0,,0,0,,0,0,,0,0,,0,0,,0,0,,0,0,0
McAlexton,472992858,Crewman,91,2/9/2022,5,,0,,0,,0,0,,0,0,,0,0,,0,0,,0,0,,0,0,,0,0,5
CJE599,689679524,Crewman,91,2/16/2022,4,,0,,0,,0,0,,0,0,,0,0,,0,0,,0,0,,0,0,,0,0,4
TDestroyer188,310678046,Crewman,91,2/16/2022,1,,0,,0,,0,0,,0,0,,0,0,,0,0,,0,0,,0,0,,0,0,1
barrisroom3,2468346805,Crewman,91,2/20/2022,6,,0,,0,,0,0,,0,0,,0,0,,0,0,,0,0,,0,0,,0,0,6
TheMariner2306,3280202599,Crewman,91,2/21/2022,0,,0,,0,,0,0,,0,0,,0,0,,0,0,,0,0,,0,0,,0,0,0
moosecraft13fan,1601997246,Crewman,91,3/3/2022,0,,0,,0,,0,0,,0,0,,0,0,,0,0,,0,0,,0,0,,0,0,0
tancity,43877902,Crewman,91,3/4/2022,2,,0,,0,,0,0,,0,0,,0,0,,0,0,,0,0,,0,0,,0,0,2
dogdan17,8142787,Crewman,91,3/6/2022,1,,0,,0,,0,0,,0,0,,0,0,,0,0,,0,0,,0,0,,0,0,1
RychuPLxdYT,305329659,Crewman,91,3/10/2022,0,,0,,0,,0,0,,0,0,,0,0,,0,0,,0,0,,0,0,,0,0,0
AyrikPlayzMC,155597301,Crewman,91,3/13/2022,0,,0,,0,,0,0,,0,0,,0,0,,0,0,,0,0,,0,0,,0,0,0
HH4878,2418385902,Crewman,91,3/13/2022,0,,0,,0,,0,0,,0,0,,0,0,,0,0,,0,0,,0,0,,0,0,0
pizzabaymax8,1264406778,Crewman,91,3/20/2022,2,,0,,0,,0,0,,0,0,,0,0,,0,0,,0,0,,0,0,,0,0,2
RockinDude8779,1045811773,Crewman,91,3/22/2022,0,,0,,0,,0,0,,0,0,,0,0,,0,0,,0,0,,0,0,,0,0,0
ShootaRocketPopAmini,215914107,Crewman,91,3/28/2022,10,,0,,0,,0,0,,0,0,,0,0,,0,0,,0,0,,0,0,,0,0,10
Boconcatmew,514652467,Crewman,91,3/29/2022,1,,0,,0,,0,0,,0,0,,0,0,,0,0,,0,0,,0,0,,0,0,1
RomanSans,32371921,Crewman,91,4/20/2022,1,,0,,0,,0,0,,0,0,,0,0,,0,0,,0,0,,0,0,,0,0,1
NotLinkat,652448616,Crewman,91,4/23/2022,0,,0,,0,,0,0,,0,0,,0,0,,0,0,,0,0,,0,0,,0,0,0
Glxyze,903186388,Crewman,91,4/23/2022,1,,0,,0,,0,0,,0,0,,0,0,,0,0,,0,0,,0,0,,0,0,1
rqcy,79655499,Crewman,91,4/24/2022,0,,0,,0,,0,0,,0,0,,0,0,,0,0,,0,0,,0,0,,0,0,0
TheZhihao,75260052,Crewman,91,4/24/2022,0,,0,,0,,0,0,,0,0,,0,0,,0,0,,0,0,,0,0,,0,0,0
elis420,101573144,Crewman,91,4/26/2022,0,,0,,0,,0,0,,0,0,,0,0,,0,0,,0,0,,0,0,,0,0,0
Anthonyisawesome_24,761514069,Crewman,91,5/2/2022,1,,0,,0,,0,0,,0,0,,0,0,,0,0,,0,0,,0,0,,0,0,1
boomboomcurry999,1038307087,Crewman,91,5/4/2022,4,,0,,0,,0,0,,0,0,,0,0,,0,0,,0,0,,0,0,,0,0,4
Awsumindyman,25519097,Crewman,91,5/5/2022,2,,0,,0,,0,0,,0,0,,0,0,,0,0,,0,0,,0,0,,0,0,2
ibadatthegames,1168577317,Crewman,91,5/7/2022,0,,0,,0,,0,0,,0,0,,0,0,,0,0,,0,0,,0,0,,0,0,0
ExaltedTurbo,348934319,Crewman,91,5/9/2022,0,,0,,0,,0,0,,0,0,,0,0,,0,0,,0,0,,0,0,,0,0,0
oof101guy,1181546967,Crewman,91,5/14/2022,0,,0,,0,,0,0,,0,0,,0,0,,0,0,,0,0,,0,0,,0,0,0
Master_Flight1,1031786197,Crewman,91,5/15/2022,2,,0,,0,,0,0,,0,0,,0,0,,0,0,,0,0,,0,0,,0,0,2
Sickboy107,314551669,Crewman,91,5/17/2022,1,,0,,0,,0,0,,0,0,,0,0,,0,0,,0,0,,0,0,,0,0,1
Snazboi,375646778,Crewman,91,5/26/2022,2,,0,,0,,0,0,,0,0,,0,0,,0,0,,0,0,,0,0,,0,0,2
VicMDSilva,1229955133,Crewman,91,5/27/2022,0,,0,,0,,0,0,,0,0,,0,0,,0,0,,0,0,,0,0,,0,0,0
eduaedolv123,294039507,Crewman,91,5/28/2022,0,,0,,0,,0,0,,0,0,,0,0,,0,0,,0,0,,0,0,,0,0,0
355006,165770450,Crewman,91,5/31/2022,0,,0,,0,,0,0,,0,0,,0,0,,0,0,,0,0,,0,0,,0,0,0
CaptainShadow3656,116236258,Crewman,91,6/4/2022,0,,0,,0,,0,0,,0,0,,0,0,,0,0,,0,0,,0,0,,0,0,0
SIrArnold164,2401230384,Crewman,91,6/5/2022,0,,0,,0,,0,0,,0,0,,0,0,,0,0,,0,0,,0,0,,0,0,0
MalaccaTradeNode,203311768,Crewman,91,6/6/2022,1,,0,,0,,0,0,,0,0,,0,0,,0,0,,0,0,,0,0,,0,0,1
AustinedWasTaken,152959538,Crewman,91,6/7/2022,1,,0,,0,,0,0,,0,0,,0,0,,0,0,,0,0,,0,0,,0,0,1
Lextion347,2753032587,Crewman,91,6/8/2022,0,,0,,0,,0,0,,0,0,,0,0,,0,0,,0,0,,0,0,,0,0,0
xXcoolJJ_123Xx,1356241992,Crewman,91,6/8/2022,2,,0,,0,,0,0,,0,0,,0,0,,0,0,,0,0,,0,0,,0,0,2
BluefaceLayheeeee,3137578277,Crewman,91,6/9/2022,10,,0,,0,,0,0,,0,0,,0,0,,0,0,,0,0,,0,0,,0,0,10
coolcodydood2,329100406,Crewman,91,6/15/2022,2,,0,,0,,0,0,,0,0,,0,0,,0,0,,0,0,,0,0,,0,0,2
RDB3650,3609909095,Crewman,91,6/16/2022,1,,0,,0,,0,0,,0,0,,0,0,,0,0,,0,0,,0,0,,0,0,1
Cool_Pooyman787,814673853,Crewman,91,6/17/2022,1,,0,,0,,0,0,,0,0,,0,0,,0,0,,0,0,,0,0,,0,0,1
sebseb12345678910,41953530,Crewman,91,6/19/2022,33,,0,,0,,0,0,,0,0,,0,0,,0,0,,0,0,,0,0,,0,0,33
ExpensiveSamsam,119061116,Crewman,91,6/19/2022,0,,0,,0,,0,0,,0,0,,0,0,,0,0,,0,0,,0,0,,0,0,0
KarcaIa,53846785,Crewman,91,6/21/2022,0,,0,,0,,0,0,,0,0,,0,0,,0,0,,0,0,,0,0,,0,0,0
Cat_thegod096,3023645397,Crewman,91,6/21/2022,0,,0,,0,,0,0,,0,0,,0,0,,0,0,,0,0,,0,0,,0,0,0
GodlyFlameKitty,112514280,Crewman,91,6/21/2022,0,,0,,0,,0,0,,0,0,,0,0,,0,0,,0,0,,0,0,,0,0,0
moonmen03,168681973,Crewman,91,6/30/2022,0,,0,,0,,0,0,,0,0,,0,0,,0,0,,0,0,,0,0,,0,0,0
Chikmom,483428399,Crewman,91,7/1/2022,0,,0,,0,,0,0,,0,0,,0,0,,0,0,,0,0,,0,0,,0,0,0
jeff129,335675,Crewman,91,7/2/2022,1,,0,,0,,0,0,,0,0,,0,0,,0,0,,0,0,,0,0,,0,0,1
ino_coolboy,874272235,Crewman,91,7/2/2022,4,,0,,0,,0,0,,0,0,,0,0,,0,0,,0,0,,0,0,,0,0,4
bobcantdocrap,182907259,Crewman,91,7/3/2022,7,,0,,0,,0,0,,0,0,,0,0,,0,0,,0,0,,0,0,,0,0,7
gekkeduitser,233942920,Crewman,91,7/4/2022,0,,0,,0,,0,0,,0,0,,0,0,,0,0,,0,0,,0,0,,0,0,0
efe1006yu654,554759354,Crewman,91,7/14/2022,0,,0,,0,,0,0,,0,0,,0,0,,0,0,,0,0,,0,0,,0,0,0
TheUltimateDevil_Z,439602030,Crewman,91,7/19/2022,0,,0,,0,,0,0,,0,0,,0,0,,0,0,,0,0,,0,0,,0,0,0
TOOTSTMINECRAFTMAN1,158421574,Crewman,91,7/22/2022,2,,0,,0,,0,0,,0,0,,0,0,,0,0,,0,0,,0,0,,0,0,2
BenjiSM,3693938533,Crewman,91,7/24/2022,2,,0,,0,,0,0,,0,0,,0,0,,0,0,,0,0,,0,0,,0,0,2
Gejmr140,103810815,Crewman,91,7/25/2022,0,,0,,0,,0,0,,0,0,,0,0,,0,0,,0,0,,0,0,,0,0,0
RoboIke1234,3311454162,Crewman,91,7/26/2022,1,,0,,0,,0,0,,0,0,,0,0,,0,0,,0,0,,0,0,,0,0,1
BeanosBaby,1214482173,Crewman,91,7/30/2022,0,,0,,0,,0,0,,0,0,,0,0,,0,0,,0,0,,0,0,,0,0,0
Aaronthebest201,78506717,Crewman,91,7/31/2022,0,,0,,0,,0,0,,0,0,,0,0,,0,0,,0,0,,0,0,,0,0,0
zoommacligit,1102680176,Crewman,91,8/3/2022,3,,0,,0,,0,0,,0,0,,0,0,,0,0,,0,0,,0,0,,0,0,3
renanki3,954953315,Crewman,91,8/3/2022,0,,0,,0,,0,0,,0,0,,0,0,,0,0,,0,0,,0,0,,0,0,0
xXApocCrusherXx,107424484,Crewman,91,8/3/2022,2,,0,,0,,0,0,,0,0,,0,0,,0,0,,0,0,,0,0,,0,0,2
RockandRoll_08,338559617,Crewman,91,8/8/2022,0,,0,,0,,0,0,,0,0,,0,0,,0,0,,0,0,,0,0,,0,0,0
ConnerRossie,2720582153,Crewman,91,8/9/2022,0,,0,,0,,0,0,,0,0,,0,0,,0,0,,0,0,,0,0,,0,0,0
Hogwallerhp,300953115,Crewman,91,8/9/2022,0,,0,,0,,0,0,,0,0,,0,0,,0,0,,0,0,,0,0,,0,0,0
obbyCZ,349259027,Crewman,91,8/14/2022,2,,0,,0,,0,0,,0,0,,0,0,,0,0,,0,0,,0,0,,0,0,2
nebegas,1517271071,Crewman,91,8/16/2022,0,,0,,0,,0,0,,0,0,,0,0,,0,0,,0,0,,0,0,,0,0,0
lukeskywalker_Ex,905671866,Crewman,91,8/16/2022,11,,0,,0,,0,0,,0,0,,0,0,,0,0,,0,0,,0,0,,0,0,11
Bobbbb999,1014673732,Crewman,91,8/18/2022,0,,0,,0,,0,0,,0,0,,0,0,,0,0,,0,0,,0,0,,0,0,0
BertAurelius,58072918,Crewman,91,8/21/2022,0,,0,,0,,0,0,,0,0,,0,0,,0,0,,0,0,,0,0,,0,0,0
CuddlyAurelius,131657013,Crewman,91,8/28/2022,5,,0,,0,,0,0,,0,0,,0,0,,0,0,,0,0,,0,0,,0,0,5
lmclarke,141306868,Crewman,91,8/29/2022,0,,0,,0,,0,0,,0,0,,0,0,,0,0,,0,0,,0,0,,0,0,0
angelocan2005,100209631,Crewman,91,8/30/2022,4,,0,,0,,0,0,,0,0,,0,0,,0,0,,0,0,,0,0,,0,0,4
Bossdoggaming,1126646087,Crewman,91,9/1/2022,4,,0,,0,,0,0,,0,0,,0,0,,0,0,,0,0,,0,0,,0,0,4
peeellly_jnr,1601742434,Crewman,91,9/3/2022,1,,0,,0,,0,0,,0,0,,0,0,,0,0,,0,0,,0,0,,0,0,1
shrinkydink123,232703780,Crewman,91,9/5/2022,2,,0,,0,,0,0,,0,0,,0,0,,0,0,,0,0,,0,0,,0,0,2
LothWoIf,1181490481,Crewman,91,9/6/2022,0,,0,,0,,0,0,,0,0,,0,0,,0,0,,0,0,,0,0,,0,0,0
AlexandrovTheGreat,24603741,Crewman,91,9/9/2022,1,,0,,0,,0,0,,0,0,,0,0,,0,0,,0,0,,0,0,,0,0,1
bagnplasticcup2,1043391731,Crewman,91,9/11/2022,1,,0,,0,,0,0,,0,0,,0,0,,0,0,,0,0,,0,0,,0,0,1
MrToMMasteR3360,453048900,Crewman,91,9/15/2022,0,,0,,0,,0,0,,0,0,,0,0,,0,0,,0,0,,0,0,,0,0,0
Derick37278,1372371389,Crewman,91,9/25/2022,0,,0,,0,,0,0,,0,0,,0,0,,0,0,,0,0,,0,0,,0,0,0
xxsoloplaysxx,391904543,Crewman,91,10/6/2022,3,,0,,0,,0,0,,0,0,,0,0,,0,0,,0,0,,0,0,,0,0,3
Greenteadavid,2345234613,Crewman,91,10/14/2022,2,,0,,0,,0,0,,0,0,,0,0,,0,0,,0,0,,0,0,,0,0,2
kylemadden06,147937431,Crewman,91,10/15/2022,0,,0,,0,,0,0,,0,0,,0,0,,0,0,,0,0,,0,0,,0,0,0
Wilda_BeastYT,919686262,Crewman,91,10/16/2022,2,,0,,0,,0,0,,0,0,,0,0,,0,0,,0,0,,0,0,,0,0,2
Agent00000910,1561234500,Crewman,91,10/29/2022,3,,0,,0,,0,0,,0,0,,0,0,,0,0,,0,0,,0,0,,0,0,3
Rexuins,1120038195,Crewman,91,11/9/2022,1,,0,,0,,0,0,,0,0,,0,0,,0,0,,0,0,,0,0,,0,0,1
HorseeElbow67,641180356,Crewman,91,11/12/2022,1,,0,,0,,0,0,,0,0,,0,0,,0,0,,0,0,,0,0,,0,0,1
Leon_brawlFan,1067727544,Crewman,91,11/24/2022,1,,0,,0,,0,0,,0,0,,0,0,,0,0,,0,0,,0,0,,0,0,1
robloxmaster12839474,171418842,Crewman,91,11/25/2022,5,,0,,0,,0,0,,0,0,,0,0,,0,0,,0,0,,0,0,,0,0,5
makyou001,53167137,Crewman,91,11/28/2022,12,,0,,0,,0,0,,0,0,,0,0,,0,0,,0,0,,0,0,,0,0,12
SlivcoA87,2595080440,Crewman,91,12/3/2022,0,,0,,0,,0,0,,0,0,,0,0,,0,0,,0,0,,0,0,,0,0,0
Gamer_EXtreem,483059249,Crewman,91,12/14/2022,0,,0,,0,,0,0,,0,0,,0,0,,0,0,,0,0,,0,0,,0,0,0
mrlegendaryzeki,163578458,Crewman,91,12/19/2022,0,,0,,0,,0,0,,0,0,,0,0,,0,0,,0,0,,0,0,,0,0,0
Guilty_SxN,3928037134,Crewman,91,1/2/2023,0,,0,,0,,0,0,,0,0,,0,0,,0,0,,0,0,,0,0,,0,0,0
RareItaliano2015,92337311,Crewman,91,1/4/2023,0,,0,,0,,0,0,,0,0,,0,0,,0,0,,0,0,,0,0,,0,0,0
Furgermany,465827099,Crewman,91,1/5/2023,0,,0,138229,0,,0,0,,0,0,,0,0,,0,0,,0,0,,0,0,,0,0,0
supercool146,11569883,Crewman,91,1/5/2023,1,,0,,0,,0,0,,0,0,,0,0,,0,0,,0,0,,0,0,,0,0,1
JaguarSuelto1234,1596897739,Crewman,91,1/15/2023,2,,0,,0,,0,0,,0,0,,0,0,,0,0,,0,0,,0,0,,0,0,2
AlrightAphrodite,28191247,Crewman,91,1/19/2023,0,,0,,0,,0,0,,0,0,,0,0,,0,0,,0,0,,0,0,,0,0,0
JohnnyJedi,108772379,Crewman,91,1/31/2023,1,,0,,0,,0,0,,0,0,,0,0,,0,0,,0,0,,0,0,,0,0,1
CheeryGalileo,658869081,Crewman,91,2/10/2023,0,,0,,0,,0,0,,0,0,,0,0,,0,0,,0,0,,0,0,,0,0,0
batuahunter,84892787,Crewman,91,2/10/2023,0,,0,,0,,0,0,,0,0,,0,0,,0,0,,0,0,,0,0,,0,0,0
PrxMyfxn,422433362,Crewman,91,2/23/2023,0,,0,,0,,0,0,,0,0,,0,0,,0,0,,0,0,,0,0,,0,0,0
eddgames748,77335156,Crewman,91,3/12/2023,1,,0,,0,,0,0,,0,0,,0,0,,0,0,,0,0,,0,0,,0,0,1
KeiiRxvelations,197514927,Crewman,91,3/12/2023,0,,0,,0,,0,0,,0,0,,0,0,,0,0,,0,0,,0,0,,0,0,0
bmxboys3,351964085,Crewman,91,3/12/2023,0,,0,,0,,0,0,,0,0,,0,0,,0,0,,0,0,,0,0,,0,0,0
cdhansma,103584425,Crewman,91,3/12/2023,0,,0,,0,,0,0,,0,0,,0,0,,0,0,,0,0,,0,0,,0,0,0
Jeffcollison,219065234,Crewman,91,3/12/2023,0,,0,,0,,0,0,,0,0,,0,0,,0,0,,0,0,,0,0,,0,0,0
Romiesphere,569481841,Crewman,91,3/12/2023,1,,0,,0,,0,0,,0,0,,0,0,,0,0,,0,0,,0,0,,0,0,1
ExoBlokz,757958950,Crewman,91,3/12/2023,0,,0,,0,,0,0,,0,0,,0,0,,0,0,,0,0,,0,0,,0,0,0
Its_Seanix,274381510,Crewman,91,3/12/2023,1,,0,,0,,0,0,,0,0,,0,0,,0,0,,0,0,,0,0,,0,0,1
CaptainWigglesII,1187412122,Crewman,91,3/12/2023,0,,0,,0,,0,0,,0,0,,0,0,,0,0,,0,0,,0,0,,0,0,0
AlexKaddin,53184962,Crewman,91,3/12/2023,0,,0,,0,,0,0,,0,0,,0,0,,0,0,,0,0,,0,0,,0,0,0
andyyip,53697157,Crewman,91,3/12/2023,0,,0,,0,,0,0,,0,0,,0,0,,0,0,,0,0,,0,0,,0,0,0
Chriss_380,63923430,Crewman,91,3/12/2023,0,,0,,0,,0,0,,0,0,,0,0,,0,0,,0,0,,0,0,,0,0,0
CoffeeSutherland,105904486,Crewman,91,3/12/2023,0,,0,,0,,0,0,,0,0,,0,0,,0,0,,0,0,,0,0,,0,0,0
bryantAzurace,107850710,Crewman,91,3/12/2023,0,,0,,0,,0,0,,0,0,,0,0,,0,0,,0,0,,0,0,,0,0,0
cooper77112223234,173313453,Crewman,91,3/12/2023,0,,0,,0,,0,0,,0,0,,0,0,,0,0,,0,0,,0,0,,0,0,0
Robsu6412,490034095,Crewman,91,3/12/2023,0,,0,,0,,0,0,,0,0,,0,0,,0,0,,0,0,,0,0,,0,0,0
SSJGoku90003,788914604,Crewman,91,3/12/2023,1,,0,,0,,0,0,,0,0,,0,0,,0,0,,0,0,,0,0,,0,0,1
moumougaming,266260181,Crewman,91,3/12/2023,0,,0,,0,,0,0,,0,0,,0,0,,0,0,,0,0,,0,0,,0,0,0
Eynteuro,289195358,Crewman,91,3/12/2023,0,,0,,0,,0,0,,0,0,,0,0,,0,0,,0,0,,0,0,,0,0,0
loganbadogan,368687103,Crewman,91,3/12/2023,0,,0,,0,,0,0,,0,0,,0,0,,0,0,,0,0,,0,0,,0,0,0
Warlord_Generic,2470680354,Crewman,91,3/12/2023,0,,0,,0,,0,0,,0,0,,0,0,,0,0,,0,0,,0,0,,0,0,0
AIIahFist,60393993,Crewman,91,3/12/2023,0,,0,,0,,0,0,,0,0,,0,0,,0,0,,0,0,,0,0,,0,0,0
rob1oxguy1,1210190325,Crewman,91,3/12/2023,0,,0,,0,,0,0,,0,0,,0,0,,0,0,,0,0,,0,0,,0,0,0
PrincipeDiPiemonte,114285118,Crewman,91,3/12/2023,0,,0,,0,,0,0,,0,0,,0,0,,0,0,,0,0,,0,0,,0,0,0
SoupyMittens,1517619898,Crewman,91,3/12/2023,3,,0,,0,,0,0,,0,0,,0,0,,0,0,,0,0,,0,0,,0,0,3
Chuck0054,414023389,Crewman,91,3/12/2023,0,,0,,0,,0,0,,0,0,,0,0,,0,0,,0,0,,0,0,,0,0,0
kennith22mojiia,129198651,Crewman,91,3/12/2023,0,,0,,0,,0,0,,0,0,,0,0,,0,0,,0,0,,0,0,,0,0,0
oofbitinber,1684810341,Crewman,91,3/12/2023,0,,0,,0,,0,0,,0,0,,0,0,,0,0,,0,0,,0,0,,0,0,0
pinkpowertrio,71088491,Crewman,91,3/12/2023,0,,0,,0,,0,0,,0,0,,0,0,,0,0,,0,0,,0,0,,0,0,0
Theodor_Wilson,563563007,Crewman,91,3/12/2023,0,,0,,0,,0,0,,0,0,,0,0,,0,0,,0,0,,0,0,,0,0,0
graysnewcity5,2012546251,Crewman,91,3/12/2023,0,,0,,0,,0,0,,0,0,,0,0,,0,0,,0,0,,0,0,,0,0,0
impoundchris1234,135835923,Crewman,91,3/12/2023,0,,0,,0,,0,0,,0,0,,0,0,,0,0,,0,0,,0,0,,0,0,0
cash2range,566368632,Crewman,91,3/12/2023,0,,0,,0,,0,0,,0,0,,0,0,,0,0,,0,0,,0,0,,0,0,0
DragonOfDOJ1MA,46080867,Crewman,91,3/12/2023,0,,0,,0,,0,0,,0,0,,0,0,,0,0,,0,0,,0,0,,0,0,0
io_3e,3078011632,Crewman,91,3/12/2023,0,,0,,0,,0,0,,0,0,,0,0,,0,0,,0,0,,0,0,,0,0,0
reivuer,62231432,Crewman,91,3/12/2023,0,,0,,0,,0,0,,0,0,,0,0,,0,0,,0,0,,0,0,,0,0,0
3BostonBoys,359399841,Crewman,91,3/12/2023,0,,0,,0,,0,0,,0,0,,0,0,,0,0,,0,0,,0,0,,0,0,0
MagnaMors,3142055140,Crewman,91,3/12/2023,0,,0,,0,,0,0,,0,0,,0,0,,0,0,,0,0,,0,0,,0,0,0
gooddayto2,945110,Crewman,91,3/12/2023,0,,0,,0,,0,0,,0,0,,0,0,,0,0,,0,0,,0,0,,0,0,0
wiko96209,1441529183,Crewman,91,3/12/2023,0,,0,,0,,0,0,,0,0,,0,0,,0,0,,0,0,,0,0,,0,0,0
miktyler,186486625,Crewman,91,3/12/2023,0,,0,,0,,0,0,,0,0,,0,0,,0,0,,0,0,,0,0,,0,0,0
GravyConsumerReal,2262982606,Crewman,91,3/12/2023,0,,0,,0,,0,0,,0,0,,0,0,,0,0,,0,0,,0,0,,0,0,0
SkaterFeels,157958784,Crewman,91,3/12/2023,0,,0,,0,,0,0,,0,0,,0,0,,0,0,,0,0,,0,0,,0,0,0
SoftlikeSiIk,688324506,Crewman,91,3/12/2023,0,,0,,0,,0,0,,0,0,,0,0,,0,0,,0,0,,0,0,,0,0,0
DannyIanColl,916477048,Crewman,91,3/12/2023,0,,0,,0,,0,0,,0,0,,0,0,,0,0,,0,0,,0,0,,0,0,0
Tom10121,101178798,Crewman,91,3/12/2023,0,,0,,0,,0,0,,0,0,,0,0,,0,0,,0,0,,0,0,,0,0,0
Lucid_tall,1310598778,Crewman,91,3/12/2023,0,,0,,0,,0,0,,0,0,,0,0,,0,0,,0,0,,0,0,,0,0,0
flylere5871,1694577075,Crewman,91,3/12/2023,0,,0,,0,,0,0,,0,0,,0,0,,0,0,,0,0,,0,0,,0,0,0
badomdom1234,574026179,Crewman,91,3/12/2023,0,,0,,0,,0,0,,0,0,,0,0,,0,0,,0,0,,0,0,,0,0,0
254t,18720092,Crewman,91,3/12/2023,1,,0,,0,,0,0,,0,0,,0,0,,0,0,,0,0,,0,0,,0,0,1
SharkLover123444,386282219,Crewman,91,3/12/2023,0,,0,,0,,0,0,,0,0,,0,0,,0,0,,0,0,,0,0,,0,0,0
TheIrishRanger27,54069191,Crewman,91,3/12/2023,0,,0,,0,,0,0,,0,0,,0,0,,0,0,,0,0,,0,0,,0,0,0
FriskDaCat,248201469,Crewman,91,3/12/2023,0,,0,,0,,0,0,,0,0,,0,0,,0,0,,0,0,,0,0,,0,0,0
CaptainPikmin64,56272770,Crewman,91,3/14/2023,0,,0,,0,,0,0,,0,0,,0,0,,0,0,,0,0,,0,0,,0,0,0
HeastShot,100388621,Crewman,91,3/19/2023,0,,0,,0,,0,0,,0,0,,0,0,,0,0,,0,0,,0,0,,0,0,0
Atimejumper,217024790,Crewman,91,3/21/2023,0,,0,,0,,0,0,,0,0,,0,0,,0,0,,0,0,,0,0,,0,0,0
OwxnHeartlxss,3101437363,Crewman,91,3/23/2023,0,,0,,0,,0,0,,0,0,,0,0,,0,0,,0,0,,0,0,,0,0,0
xbox_bonkers53,395849054,Crewman,91,3/29/2023,0,,0,,0,,0,0,,0,0,,0,0,,0,0,,0,0,,0,0,,0,0,0
LunaFancy7,264039849,Crewman,91,3/29/2023,0,,0,,0,,0,0,,0,0,,0,0,,0,0,,0,0,,0,0,,0,0,0
ItzNotBadger,3825163638,Crewman,91,3/31/2023,0,,0,,0,,0,0,,0,0,,0,0,,0,0,,0,0,,0,0,,0,0,0
Grand_GeneralT,1503991800,Crewman,91,4/2/2023,0,,0,,0,,0,0,,0,0,,0,0,,0,0,,0,0,,0,0,,0,0,0
MichaelSomport,128863978,Crewman,91,4/2/2023,1,,0,,0,,0,0,,0,0,,0,0,,0,0,,0,0,,0,0,,0,0,1
chrisdevrbx,149279580,Crewman,91,4/3/2023,0,,0,,0,,0,0,,0,0,,0,0,,0,0,,0,0,,0,0,,0,0,0
mongocrush741,482783602,Crewman,91,4/6/2023,0,,0,,0,,0,0,,0,0,,0,0,,0,0,,0,0,,0,0,,0,0,0
JurgenModel,41129298,Crewman,91,4/8/2023,0,,0,,0,,0,0,,0,0,,0,0,,0,0,,0,0,,0,0,,0,0,0
LiviusSol,135386512,Crewman,91,4/8/2023,0,,0,,0,,0,0,,0,0,,0,0,,0,0,,0,0,,0,0,,0,0,0
Kaiser_Wilhelm1940,3617643042,Crewman,91,4/8/2023,0,,0,,0,,0,0,,0,0,,0,0,,0,0,,0,0,,0,0,,0,0,0
AdrieIor,219343315,Crewman,91,4/10/2023,0,,0,,0,,0,0,,0,0,,0,0,,0,0,,0,0,,0,0,,0,0,0
RobinNumber17,734849913,Crewman,91,4/10/2023,0,,0,,0,,0,0,,0,0,,0,0,,0,0,,0,0,,0,0,,0,0,0
pizzacake2407,1604041853,Crewman,91,4/11/2023,0,,0,,0,,0,0,,0,0,,0,0,,0,0,,0,0,,0,0,,0,0,0
Jebdosbsld,3949039538,Crewman,91,4/11/2023,0,,0,,0,,0,0,,0,0,,0,0,,0,0,,0,0,,0,0,,0,0,0
G1zmotron,276922478,Crewman,91,4/14/2023,0,,0,,0,,0,0,,0,0,,0,0,,0,0,,0,0,,0,0,,0,0,0
dynamight505,2443293649,Crewman,91,4/17/2023,0,,0,,0,,0,0,,0,0,,0,0,,0,0,,0,0,,0,0,,0,0,0
Super_Sparrow07,1539752024,Crewman,91,4/21/2023,0,,0,,0,,0,0,,0,0,,0,0,,0,0,,0,0,,0,0,,0,0,0
Eriicthekid,4199997260,Crewman,91,4/29/2023,0,,0,,0,,0,0,,0,0,,0,0,,0,0,,0,0,,0,0,,0,0,0
sandosiblings,678488090,Crewman,91,4/30/2023,0,,0,,0,,0,0,,0,0,,0,0,,0,0,,0,0,,0,0,,0,0,0
Kallixoed2,1678863001,Crewman,91,5/4/2023,0,,0,,0,,0,0,,0,0,,0,0,,0,0,,0,0,,0,0,,0,0,0
rochardYT,169979885,Crewman,91,5/5/2023,0,,0,,0,,0,0,,0,0,,0,0,,0,0,,0,0,,0,0,,0,0,0
bmanracer12,756410477,Crewman,91,5/7/2023,0,,0,,0,,0,0,,0,0,,0,0,,0,0,,0,0,,0,0,,0,0,0
Dexter_uno,1262012035,Crewman,91,5/9/2023,0,,0,,0,,0,0,,0,0,,0,0,,0,0,,0,0,,0,0,,0,0,0
Ch8ckenBlaze,1213318056,Crewman,91,5/10/2023,0,,0,,0,,0,0,,0,0,,0,0,,0,0,,0,0,,0,0,,0,0,0
crazykid4008,402001483,Crewman,91,5/12/2023,0,,0,,0,,0,0,,0,0,,0,0,,0,0,,0,0,,0,0,,0,0,0
roxygot_hqcked,1832637926,Crewman,91,5/14/2023,0,,0,,0,,0,0,,0,0,,0,0,,0,0,,0,0,,0,0,,0,0,0
HwiKazuki,129229076,Crewman,91,5/16/2023,0,,0,,0,,0,0,,0,0,,0,0,,0,0,,0,0,,0,0,,0,0,0
kaijujr2,290768389,Crewman,91,5/28/2023,0,,0,,0,,0,0,,0,0,,0,0,,0,0,,0,0,,0,0,,0,0,0
Warseth21,877226254,Crewman,91,5/28/2023,0,,0,,0,,0,0,,0,0,,0,0,,0,0,,0,0,,0,0,,0,0,0
Wibs99,108052633,Crewman,91,5/28/2023,0,,0,,0,,0,0,,0,0,,0,0,,0,0,,0,0,,0,0,,0,0,0
HelloIAmSpencer,690354919,Crewman,91,5/29/2023,0,,0,,0,,0,0,,0,0,,0,0,,0,0,,0,0,,0,0,,0,0,0
ThePokemonPrince614,218908100,Crewman,91,5/30/2023,0,,0,,0,,0,0,,0,0,,0,0,,0,0,,0,0,,0,0,,0,0,0
sprinklesam8,2449846855,Crewman,91,6/4/2023,1,,0,,0,,0,0,,0,0,,0,0,,0,0,,0,0,,0,0,,0,0,1
CaptainKilla432,499262764,Crewman,91,6/5/2023,0,,0,,0,,0,0,,0,0,,0,0,,0,0,,0,0,,0,0,,0,0,0
SharksbroFluffy,101136085,Crewman,91,6/5/2023,0,,0,,0,,0,0,,0,0,,0,0,,0,0,,0,0,,0,0,,0,0,0
WiliamWesley,555184966,Crewman,91,6/7/2023,0,,0,,0,,0,0,,0,0,,0,0,,0,0,,0,0,,0,0,,0,0,0
NotChocolatePlayz,857280707,Crewman,91,6/12/2023,0,,0,,0,,0,0,,0,0,,0,0,,0,0,,0,0,,0,0,,0,0,0
LinxusPlayz,171994333,Crewman,91,6/12/2023,0,,0,,0,,0,0,,0,0,,0,0,,0,0,,0,0,,0,0,,0,0,0
Ironalex46YT,4209792372,Crewman,91,6/12/2023,0,,0,,0,,0,0,,0,0,,0,0,,0,0,,0,0,,0,0,,0,0,0
Machetee_Mason,2555960514,Crewman,91,6/12/2023,0,,0,,0,,0,0,,0,0,,0,0,,0,0,,0,0,,0,0,,0,0,0
GreedyBum99,2216314827,Crewman,91,6/16/2023,0,,0,,0,,0,0,,0,0,,0,0,,0,0,,0,0,,0,0,,0,0,0
ARCANEMOON7,26888826,Crewman,91,6/19/2023,0,,0,,0,,0,0,,0,0,,0,0,,0,0,,0,0,,0,0,,0,0,0
granto1007,489915952,Crewman,91,6/24/2023,0,,0,,0,,0,0,,0,0,,0,0,,0,0,,0,0,,0,0,,0,0,0
Sourlyp,436195606,Crewman,91,6/25/2023,0,,0,,0,,0,0,,0,0,,0,0,,0,0,,0,0,,0,0,,0,0,0
Revantrocks,120887143,Crewman,91,6/25/2023,0,,0,,0,,0,0,,0,0,,0,0,,0,0,,0,0,,0,0,,0,0,0
TheBigWaffIe,310992363,Crewman,91,6/27/2023,0,,0,,0,,0,0,,0,0,,0,0,,0,0,,0,0,,0,0,,0,0,0
EddiesAdventures_YT,108623380,Crewman,91,6/27/2023,0,,0,,0,,0,0,,0,0,,0,0,,0,0,,0,0,,0,0,,0,0,0
SirBunBun21,117984334,Crewman,91,6/27/2023,0,,0,,0,,0,0,,0,0,,0,0,,0,0,,0,0,,0,0,,0,0,0
PizzaForLife_YT,777310841,Crewman,91,6/29/2023,0,,0,,0,,0,0,,0,0,,0,0,,0,0,,0,0,,0,0,,0,0,0
sourishnandy,2673202859,Crewman,91,7/1/2023,0,,0,,0,,0,0,,0,0,,0,0,,0,0,,0,0,,0,0,,0,0,0
SKYMANDX,126435840,Crewman,91,7/3/2023,0,,0,,0,,0,0,,0,0,,0,0,,0,0,,0,0,,0,0,,0,0,0
alextttt111,569563157,Crewman,91,7/4/2023,0,,0,,0,,0,0,,0,0,,0,0,,0,0,,0,0,,0,0,,0,0,0
sharkyscience,1318253196,Crewman,91,7/7/2023,0,,0,,0,,0,0,,0,0,,0,0,,0,0,,0,0,,0,0,,0,0,0
GamingStuf45,398932603,Crewman,91,7/7/2023,0,,0,,0,,0,0,,0,0,,0,0,,0,0,,0,0,,0,0,,0,0,0
spitfire_mk24,2543804997,Crewman,91,7/8/2023,0,,0,,0,,0,0,,0,0,,0,0,,0,0,,0,0,,0,0,,0,0,0
bakso12ribu,477076817,Crewman,91,7/8/2023,0,,0,,0,,0,0,,0,0,,0,0,,0,0,,0,0,,0,0,,0,0,0
FuegoBMR,1100116657,Crewman,91,7/9/2023,0,,0,,0,,0,0,,0,0,,0,0,,0,0,,0,0,,0,0,,0,0,0
RobloxHarry4,81809960,Crewman,91,7/11/2023,0,,0,,0,,0,0,,0,0,,0,0,,0,0,,0,0,,0,0,,0,0,0
Lacroixcoc211,1490826742,Crewman,91,7/12/2023,0,,0,,0,,0,0,,0,0,,0,0,,0,0,,0,0,,0,0,,0,0,0
juristi1200,74195175,Crewman,91,7/12/2023,0,,0,,0,,0,0,,0,0,,0,0,,0,0,,0,0,,0,0,,0,0,0
cholaso2,32071672,Crewman,91,7/14/2023,0,,0,,0,,0,0,,0,0,,0,0,,0,0,,0,0,,0,0,,0,0,0
AntonioBanderas22134,4695225506,Crewman,91,7/16/2023,0,,0,,0,,0,0,,0,0,,0,0,,0,0,,0,0,,0,0,,0,0,0
Veuzxz,2553469480,Crewman,91,7/17/2023,0,,0,,0,,0,0,,0,0,,0,0,,0,0,,0,0,,0,0,,0,0,0
LouisDorsenne,1076748836,Crewman,91,7/22/2023,0,,0,,0,,0,0,,0,0,,0,0,,0,0,,0,0,,0,0,,0,0,0
aaranbyr,1364172465,Crewman,91,7/23/2023,0,,0,,0,,0,0,,0,0,,0,0,,0,0,,0,0,,0,0,,0,0,0
Oldman2004120,1670182639,Crewman,91,7/31/2023,0,,0,,0,,0,0,,0,0,,0,0,,0,0,,0,0,,0,0,,0,0,0
awsomenessboy654321,83205182,Crewman,91,8/02/2023,0,,0,,0,,0,0,,0,0,,0,0,,0,0,,0,0,,0,0,,0,0,0
Keller11001,1565828,Crewman,91,8/03/2023,0,,0,,0,,0,0,,0,0,,0,0,,0,0,,0,0,,0,0,,0,0,0
ir3kii,2408289094,Crewman,91,8/03/2023,0,,0,,0,,0,0,,0,0,,0,0,,0,0,,0,0,,0,0,,0,0,0
jeebzi,342247353,Crewman,91,8/05/2023,0,,0,,0,,0,0,,0,0,,0,0,,0,0,,0,0,,0,0,,0,0,0
kratery13,1273131570,Crewman,91,8/06/2023,0,,0,,0,,0,0,,0,0,,0,0,,0,0,,0,0,,0,0,,0,0,0
Leatherhead1222,298045928,Crewman,91,8/08/2023,0,,0,,0,,0,0,,0,0,,0,0,,0,0,,0,0,,0,0,,0,0,0
Bigboyculves,4628353486,Crewman,91,8/12/2023,0,,0,,0,,0,0,,0,0,,0,0,,0,0,,0,0,,0,0,,0,0,0
airplanefuel,456779712,Crewman,91,8/12/2023,0,,0,,0,,0,0,,0,0,,0,0,,0,0,,0,0,,0,0,,0,0,0
RoboticExPeRtS,3923146534,Crewman,91,8/13/2023,0,,0,,0,,0,0,,0,0,,0,0,,0,0,,0,0,,0,0,,0,0,0
Sir_Kyber,1931128373,Crewman,91,8/14/2023,0,,0,,0,,0,0,,0,0,,0,0,,0,0,,0,0,,0,0,,0,0,0
CPEGGAMES,3219472630,Crewman,91,8/14/2023,0,,0,,0,,0,0,,0,0,,0,0,,0,0,,0,0,,0,0,,0,0,0
delacho123,3231932838,Crewman,91,8/18/2023,0,,0,,0,,0,0,,0,0,,0,0,,0,0,,0,0,,0,0,,0,0,0
OlegOleOle,99192429,Crewman,91,8/19/2023,0,,0,,0,,0,0,,0,0,,0,0,,0,0,,0,0,,0,0,,0,0,0
ninjakiller099308308,187369335,Crewman,91,8/22/2023,0,,0,,0,,0,0,,0,0,,0,0,,0,0,,0,0,,0,0,,0,0,0
ObscureSprkle,924653731,Crewman,91,8/26/2023,0,,0,,0,,0,0,,0,0,,0,0,,0,0,,0,0,,0,0,,0,0,0
wallisha,34807432,Crewman,91,8/27/2023,0,,0,,0,,0,0,,0,0,,0,0,,0,0,,0,0,,0,0,,0,0,0
uuuuiu,52536839,Crewman,91,8/27/2023,0,,0,,0,,0,0,,0,0,,0,0,,0,0,,0,0,,0,0,,0,0,0
Supermestar1299,911610693,Crewman,91,8/27/2023,0,,0,,0,,0,0,,0,0,,0,0,,0,0,,0,0,,0,0,,0,0,0
akoll,34725684,Crewman,91,8/31/2023,0,,0,,0,,0,0,,0,0,,0,0,,0,0,,0,0,,0,0,,0,0,0
rysiekgame,1375620249,Crewman,91,9/01/2023,0,,0,,0,,0,0,,0,0,,0,0,,0,0,,0,0,,0,0,,0,0,0
the_practicaljoker,2803065068,Crewman,91,9/07/2023,0,,0,,0,,0,0,,0,0,,0,0,,0,0,,0,0,,0,0,,0,0,0
gudens,62241858,Crewman,91,9/15/2023,0,,0,,0,,0,0,,0,0,,0,0,,0,0,,0,0,,0,0,,0,0,0
sniperm2010,66815988,Crewman,91,9/21/2023,0,,0,,0,,0,0,,0,0,,0,0,,0,0,,0,0,,0,0,,0,0,0
agodlypancake,19310141,Crewman,91,9/23/2023,0,,0,,0,,0,0,,0,0,,0,0,,0,0,,0,0,,0,0,,0,0,0
A_MrBotman,591566213,Crewman,91,9/23/2023,0,,0,,0,,0,0,,0,0,,0,0,,0,0,,0,0,,0,0,,0,0,0
D42theboss,688222922,Crewman,91,9/23/2023,1,,0,,0,,0,0,,0,0,,0,0,,0,0,,0,0,,0,0,,0,0,1
EvilLucifer117,2047710921,Crewman,91,9/23/2023,0,,0,,0,,0,0,,0,0,,0,0,,0,0,,0,0,,0,0,,0,0,0
geeffehiy,313420215,Crewman,91,9/24/2023,0,,0,,0,,0,0,,0,0,,0,0,,0,0,,0,0,,0,0,,0,0,0
Filosof_R,3939876792,Crewman,91,9/24/2023,0,,0,,0,,0,0,,0,0,,0,0,,0,0,,0,0,,0,0,,0,0,0
Aeceptious,2577109578,Crewman,91,9/24/2023,0,,0,,0,,0,0,,0,0,,0,0,,0,0,,0,0,,0,0,,0,0,0
mixiapi2,3663612980,Crewman,91,9/24/2023,0,,0,,0,,0,0,,0,0,,0,0,,0,0,,0,0,,0,0,,0,0,0
benjamin6951,28896307,Crewman,91,9/24/2023,0,,0,,0,,0,0,,0,0,,0,0,,0,0,,0,0,,0,0,,0,0,0
TwinTiger08,458274472,Crewman,91,9/24/2023,1,,0,,0,,0,0,,0,0,,0,0,,0,0,,0,0,,0,0,,0,0,1
romario22,69251397,Crewman,91,9/25/2023,0,,0,,0,,0,0,,0,0,,0,0,,0,0,,0,0,,0,0,,0,0,0
Whythatthing1234,1958409421,Crewman,91,9/25/2023,0,,0,,0,,0,0,,0,0,,0,0,,0,0,,0,0,,0,0,,0,0,0
greatbrian,17993289,Crewman,91,9/26/2023,0,,0,,0,,0,0,,0,0,,0,0,,0,0,,0,0,,0,0,,0,0,0
RoundTraven,159989599,Crewman,91,9/28/2023,0,,0,,0,,0,0,,0,0,,0,0,,0,0,,0,0,,0,0,,0,0,0
maxence5213,724983223,Crewman,91,9/29/2023,0,,0,,0,,0,0,,0,0,,0,0,,0,0,,0,0,,0,0,,0,0,0
DriftingPanda2,2408301630,Crewman,91,9/30/2023,0,,0,,0,,0,0,,0,0,,0,0,,0,0,,0,0,,0,0,,0,0,0
FluffyOrFloofy,1451505331,Crewman,91,10/05/2023,0,,0,,0,,0,0,,0,0,,0,0,,0,0,,0,0,,0,0,,0,0,0
gazelle_98367,4291506246,Crewman,91,10/06/2023,0,,0,,0,,0,0,,0,0,,0,0,,0,0,,0,0,,0,0,,0,0,0
FalconFlyer121,5008422126,Crewman,91,10/07/2023,0,,0,,0,,0,0,,0,0,,0,0,,0,0,,0,0,,0,0,,0,0,0
galaxy_noas,902077570,Crewman,91,10/08/2023,0,,0,,0,,0,0,,0,0,,0,0,,0,0,,0,0,,0,0,,0,0,0
zapatos3312,1573523312,Crewman,91,10/08/2023,0,,0,,0,,0,0,,0,0,,0,0,,0,0,,0,0,,0,0,,0,0,0
Ezebalsa,446044567,Crewman,91,10/08/2023,0,,0,,0,,0,0,,0,0,,0,0,,0,0,,0,0,,0,0,,0,0,0
jolojolo124,974297856,Crewman,91,10/10/2023,0,,0,,0,,0,0,,0,0,,0,0,,0,0,,0,0,,0,0,,0,0,0
sushevej,4598500984,Crewman,91,10/10/2023,0,,0,,0,,0,0,,0,0,,0,0,,0,0,,0,0,,0,0,,0,0,
DeathItSelfz,1448122389,Crewman,91,10/10/2023,0,,0,,0,,0,0,,0,0,,0,0,,0,0,,0,0,,0,0,,0,0,
Superdoper_mario,4385168438,Crewman,91,10/14/2023,0,,0,,0,,0,0,,0,0,,0,0,,0,0,,0,0,,0,0,,0,0,
56thk4,1199737852,Crewman,91,10/16/2023,0,,0,,0,,0,0,,0,0,,0,0,,0,0,,0,0,,0,0,,0,0,
TheSerbianNerd,181095243,Crewman,91,10/16/2023,0,,0,,0,,0,0,,0,0,,0,0,,0,0,,0,0,,0,0,,0,0,
Mad_Lawyer,4704075502,Crewman,91,11/11/2023,0,,0,,0,,0,0,,0,0,,0,0,,0,0,,0,0,,0,0,,0,0,
Funkydude49,1353854582,Crewman,91,11/21/2023,0,,0,,0,,0,0,,0,0,,0,0,,0,0,,0,0,,0,0,,0,0,
SquidestSquid,2895131126,Crewman,91,11/21/2023,0,,0,,0,,0,0,,0,0,,0,0,,0,0,,0,0,,0,0,,0,0,
Kacper_Law,114714330,Crewman,91,11/26/2023,0,,0,,0,,0,0,,0,0,,0,0,,0,0,,0,0,,0,0,,0,0,
UsuarioCriado01,1479106989,Crewman,91,11/28/2023,0,,0,,0,,0,0,,0,0,,0,0,,0,0,,0,0,,0,0,,0,0,
grugamingomg,2694154574,Crewman,91,11/30/2023,0,,0,,0,,0,0,,0,0,,0,0,,0,0,,0,0,,0,0,,0,0,
NCKLBRUCE,105395428,Crewman,91,12/01/2023,0,,0,,0,,0,0,,0,0,,0,0,,0,0,,0,0,,0,0,,0,0,
I_imbo,791747917,Crewman,91,12/09/2023,0,,0,,0,,0,0,,0,0,,0,0,,0,0,,0,0,,0,0,,0,0,
qt0l,1220889640,Crewman,91,12/10/2023,0,,0,,0,,0,0,,0,0,,0,0,,0,0,,0,0,,0,0,,0,0,
Ukrainianmarine,4579609341,Crewman,91,12/11/2023,0,,0,,0,,0,0,,0,0,,0,0,,0,0,,0,0,,0,0,,0,0,
mapledread,31437028,Crewman,91,12/11/2023,0,,0,,0,,0,0,,0,0,,0,0,,0,0,,0,0,,0,0,,0,0,
ahkluh,21051840,Crewman,91,12/14/2023,0,,0,,0,,0,0,,0,0,,0,0,,0,0,,0,0,,0,0,,0,0,
Wapory,396741662,Crewman,91,12/16/2023,0,,0,,0,,0,0,,0,0,,0,0,,0,0,,0,0,,0,0,,0,0,
HelloKittyMux,1301464958,Crewman,91,12/16/2023,0,,0,,0,,0,0,,0,0,,0,0,,0,0,,0,0,,0,0,,0,0,
Sly0_0Man,1213021832,Crewman,91,12/18/2023,0,,0,,0,,0,0,,0,0,,0,0,,0,0,,0,0,,0,0,,0,0,
HMT_Fischle,3540819790,Crewman,91,12/19/2023,0,,0,,0,,0,0,,0,0,,0,0,,0,0,,0,0,,0,0,,0,0,
Butfacebilt,1141218418,Crewman,91,12/25/2023,0,,0,,0,,0,0,,0,0,,0,0,,0,0,,0,0,,0,0,,0,0,
gandalfno2,5195324257,Crewman,91,12/28/2023,0,,0,,0,,0,0,,0,0,,0,0,,0,0,,0,0,,0,0,,0,0,
Twistedmagicc,1832150688,Crewman,91,1/01/2024,0,,0,,0,,0,0,,0,0,,0,0,,0,0,,0,0,,0,0,,0,0,
auroradoesntknow,223154873,Crewman,91,1/01/2024,0,,0,,0,,0,0,,0,0,,0,0,,0,0,,0,0,,0,0,,0,0,
Bigmichaelgamer,212441072,Crewman,91,1/01/2024,0,,0,,0,,0,0,,0,0,,0,0,,0,0,,0,0,,0,0,,0,0,
DalekWasHere11,106223978,Crewman,91,1/02/2024,0,,0,,0,,0,0,,0,0,,0,0,,0,0,,0,0,,0,0,,0,0,
ColeJay55555,251380112,Crewman,91,1/04/2024,0,,0,,0,,0,0,,0,0,,0,0,,0,0,,0,0,,0,0,,0,0,
DreadKnight76,4240353831,Crewman,91,1/04/2024,0,,0,,0,,0,0,,0,0,,0,0,,0,0,,0,0,,0,0,,0,0,
Hanz8O_O,888924216,Crewman,91,1/04/2024,0,,0,,0,,0,0,,0,0,,0,0,,0,0,,0,0,,0,0,,0,0,
MostInspace47,1899301667,Crewman,91,1/13/2024,1,,0,,0,,0,0,,0,0,,0,0,,0,0,,0,0,,0,0,,0,0,
BerlinbenEli,2972414066,Crewman,91,1/14/2024,0,,0,,0,,0,0,,0,0,,0,0,,0,0,,0,0,,0,0,,0,0,
DaFoxWarrior,122550133,Crewman,91,1/16/2024,0,,0,,0,,0,0,,0,0,,0,0,,0,0,,0,0,,0,0,,0,0,
alertASTIN0123456787,219542264,Crewman,91,1/17/2024,0,,0,,0,,0,0,,0,0,,0,0,,0,0,,0,0,,0,0,,0,0,
duskedlove,189458611,Crewman,91,1/18/2024,0,,0,,0,,0,0,,0,0,,0,0,,0,0,,0,0,,0,0,,0,0,
GhosterzFighter,56069440,Crewman,91,1/20/2024,0,,0,,0,,0,0,,0,0,,0,0,,0,0,,0,0,,0,0,,0,0,
Ex_Mozarella,890163785,Crewman,91,1/20/2024,0,,0,,0,,0,0,,0,0,,0,0,,0,0,,0,0,,0,0,,0,0,
molaftR,380559628,Crewman,91,1/20/2024,0,,0,,0,,0,0,,0,0,,0,0,,0,0,,0,0,,0,0,,0,0,
GeneralissimusLegend,3762938204,Crewman,91,1/20/2024,0,,0,,0,,0,0,,0,0,,0,0,,0,0,,0,0,,0,0,,0,0,
Arunish2008,4158663325,Crewman,91,1/27/2024,0,,0,,0,,0,0,,0,0,,0,0,,0,0,,0,0,,0,0,,0,0,
admiralBrister,51931906,Crewman,91,1/30/2024,1,,0,,0,,0,0,,0,0,,0,0,,0,0,,0,0,,0,0,,0,0,
Cabelona,381913343,Crewman,91,1/30/2024,0,,0,,0,,0,0,,0,0,,0,0,,0,0,,0,0,,0,0,,0,0,
Haedge1,381148605,Crewman,91,2/01/2024,0,,0,,0,,0,0,,0,0,,0,0,,0,0,,0,0,,0,0,,0,0,
EmilSorokin,125932033,Crewman,91,2/02/2024,0,,0,,0,,0,0,,0,0,,0,0,,0,0,,0,0,,0,0,,0,0,
Mangus_Aria,719933017,Crewman,91,2/04/2024,0,,0,,0,,0,0,,0,0,,0,0,,0,0,,0,0,,0,0,,0,0,
ScubaDiveDanny,106872673,Crewman,91,2/06/2024,0,,0,,0,,0,0,,0,0,,0,0,,0,0,,0,0,,0,0,,0,0,
Thepeeber,3581171413,Crewman,91,2/06/2024,0,,0,,0,,0,0,,0,0,,0,0,,0,0,,0,0,,0,0,,0,0,
Deepblue_008,970151231,Crewman,91,2/14/2024,0,,0,,0,,0,0,,0,0,,0,0,,0,0,,0,0,,0,0,,0,0,
tradlends,5507368902,Crewman,91,2/19/2024,0,,0,,0,,0,0,,0,0,,0,0,,0,0,,0,0,,0,0,,0,0,
wtesli,1024022109,Crewman,91,2/19/2024,0,,0,,0,,0,0,,0,0,,0,0,,0,0,,0,0,,0,0,,0,0,
BLANJUBRUH00,3367394233,Crewman,91,2/21/2024,0,,0,,0,,0,0,,0,0,,0,0,,0,0,,0,0,,0,0,,0,0,
jaredy00,109232074,Crewman,91,2/23/2024,2,,0,,0,,0,0,,0,0,,0,0,,0,0,,0,0,,0,0,,0,0,
Antiquetwiki,142014334,Crewman,91,2/25/2024,0,,0,,0,,0,0,,0,0,,0,0,,0,0,,0,0,,0,0,,0,0,
filigamer300,1623941862,Crewman,91,2/26/2024,1,,0,,0,,0,0,,0,0,,0,0,,0,0,,0,0,,0,0,,0,0,
Kuzey3089,1422554691,Crewman,91,2/26/2024,0,,0,,0,,0,0,,0,0,,0,0,,0,0,,0,0,,0,0,,0,0,
luvybf,117284755,Crewman,91,3/02/2024,0,,0,,0,,0,0,,0,0,,0,0,,0,0,,0,0,,0,0,,0,0,
nevenl22,2032929775,Crewman,91,3/03/2024,0,,0,,0,,0,0,,0,0,,0,0,,0,0,,0,0,,0,0,,0,0,
Mang0Haze,22883490,Crewman,91,3/06/2024,0,,0,,0,,0,0,,0,0,,0,0,,0,0,,0,0,,0,0,,0,0,
20hz_Sifox,1079724145,Crewman,91,3/07/2024,0,,0,,0,,0,0,,0,0,,0,0,,0,0,,0,0,,0,0,,0,0,
WegDhass,187641300,Crewman,91,3/09/2024,0,,0,,0,,0,0,,0,0,,0,0,,0,0,,0,0,,0,0,,0,0,
CylonBailen,1530741424,Crewman,,3/10/2024,0,,0,,0,,0,0,,0,0,,0,0,,0,0,,0,0,,0,0,,0,0,
Ebushek57944,2224215451,Crewman,,3/11/2024,0,,0,,0,,0,0,,0,0,,0,0,,0,0,,0,0,,0,0,,0,0,
scooter1920,1214908834,Crewman,,3/11/2024,0,,0,,0,,0,0,,0,0,,0,0,,0,0,,0,0,,0,0,,0,0,
spacepeep239,5659866266,Crewman,,3/11/2024,0,,0,,0,,0,0,,0,0,,0,0,,0,0,,0,0,,0,0,,0,0,
Dylanmerlin2,19114711,Crewman,,3/13/2024,1,,0,,0,,0,0,,0,0,,0,0,,0,0,,0,0,,0,0,,0,0,
jangeorgkarliczek,3342306757,Crewman,,3/15/2024,0,,0,,0,,0,0,,0,0,,0,0,,0,0,,0,0,,0,0,,0,0,
NeptuniumExcelsior,437197443,Crewman,,3/17/2024,1,,0,,0,,0,0,,0,0,,0,0,,0,0,,0,0,,0,0,,0,0,
BroadNH,207703158,Crewman,,3/20/2024,0,,0,,0,,0,0,,0,0,,0,0,,0,0,,0,0,,0,0,,0,0,
Si1verCrownKing,279628704,Crewman,,3/21/2024,14,,0,,0,,0,0,,0,0,,0,0,,0,0,,0,0,,0,0,,0,0,
daffy_m,116893559,Crewman,,3/21/2024,0,,0,,0,,0,0,,0,0,,0,0,,0,0,,0,0,,0,0,,0,0,
Jia07068,1374943422,Crewman,,3/21/2024,1,,0,,0,,0,0,,0,0,,0,0,,0,0,,0,0,,0,0,,0,0,
PzFusilier,3539184817,Crewman,,3/22/2024,0,,0,,0,,0,0,,0,0,,0,0,,0,0,,0,0,,0,0,,0,0,
Parrot20220,2583501695,Crewman,,3/24/2024,0,,0,,0,,0,0,,0,0,,0,0,,0,0,,0,0,,0,0,,0,0,
Vlitz6,3665146829,Crewman,,3/24/2024,0,,0,,0,,0,0,,0,0,,0,0,,0,0,,0,0,,0,0,,0,0,
Warcriz0,3870423684,Crewman,,3/26/2024,0,,0,,0,,0,0,,0,0,,0,0,,0,0,,0,0,,0,0,,0,0,
tyuwert4,1322648269,Crewman,,4/06/2024,0,,0,,0,,0,0,,0,0,,0,0,,0,0,,0,0,,0,0,,0,0,
Winko69,207283362,Crewman,,4/08/2024,0,,0,,0,,0,0,,0,0,,0,0,,0,0,,0,0,,0,0,,0,0,
2423fdgt,1135517656,Crewman,,4/08/2024,0,,0,,0,,0,0,,0,0,,0,0,,0,0,,0,0,,0,0,,0,0,
Maveric5000,828264648,Crewman,,4/08/2024,0,,0,,0,,0,0,,0,0,,0,0,,0,0,,0,0,,0,0,,0,0,
Mazi_Kakisha,1852868957,Crewman,,4/09/2024,0,,0,,0,,0,0,,0,0,,0,0,,0,0,,0,0,,0,0,,0,0,
FastFleabag,216703039,Crewman,,4/09/2024,0,,0,,0,,0,0,,0,0,,0,0,,0,0,,0,0,,0,0,,0,0,
thesimon12567,90460100,Crewman,,4/09/2024,0,,0,,0,,0,0,,0,0,,0,0,,0,0,,0,0,,0,0,,0,0,
mrLazyboi2,2032777433,Crewman,,4/10/2024,0,,0,,0,,0,0,,0,0,,0,0,,0,0,,0,0,,0,0,,0,0,
CrxdibIe,114808583,Crewman,,4/11/2024,0,,0,,0,,0,0,,0,0,,0,0,,0,0,,0,0,,0,0,,0,0,
mypuppyiskillingme,903256122,Crewman,,4/13/2024,0,,0,,0,,0,0,,0,0,,0,0,,0,0,,0,0,,0,0,,0,0,
petlvl,131480163,Crewman,,4/16/2024,0,,0,,0,,0,0,,0,0,,0,0,,0,0,,0,0,,0,0,,0,0,
da_wee1234,1379639722,Crewman,,4/17/2024,0,,0,,0,,0,0,,0,0,,0,0,,0,0,,0,0,,0,0,,0,0,
Navy_Air,706147731,Crewman,,4/17/2024,0,,0,,0,,0,0,,0,0,,0,0,,0,0,,0,0,,0,0,,0,0,
Tuetoburger,3615312021,Crewman,,4/19/2024,0,,0,,0,,0,0,,0,0,,0,0,,0,0,,0,0,,0,0,,0,0,
Ejdhisss22106,2559536459,Crewman,,4/22/2024,0,,0,,0,,0,0,,0,0,,0,0,,0,0,,0,0,,0,0,,0,0,
Gallivantz,5625286963,Crewman,,4/26/2024,0,,0,,0,,0,0,,0,0,,0,0,,0,0,,0,0,,0,0,,0,0,
sanctionry,2247265033,Crewman,,4/28/2024,0,,0,,0,,0,0,,0,0,,0,0,,0,0,,0,0,,0,0,,0,0,
Tactical_Legacy,102705995,Crewman,,4/30/2024,1,,0,,0,,0,0,,0,0,,0,0,,0,0,,0,0,,0,0,,0,0,
panpempek123,290439082,Crewman,,4/30/2024,0,,0,,0,,0,0,,0,0,,0,0,,0,0,,0,0,,0,0,,0,0,
Spencer5405,2836516980,Crewman,,5/01/2024,2,,0,,0,,0,0,,0,0,,0,0,,0,0,,0,0,,0,0,,0,0,
Paintb_allshido,35677158,Crewman,,5/02/2024,0,,0,,0,,0,0,,0,0,,0,0,,0,0,,0,0,,0,0,,0,0,
gunyi110,1490770015,Crewman,,5/03/2024,0,,0,,0,,0,0,,0,0,,0,0,,0,0,,0,0,,0,0,,0,0,
pieterchristiaan123,753778818,Crewman,,5/03/2024,0,,0,,0,,0,0,,0,0,,0,0,,0,0,,0,0,,0,0,,0,0,
EXPUNGED_O15,909210955,Crewman,,5/04/2024,0,,0,,0,,0,0,,0,0,,0,0,,0,0,,0,0,,0,0,,0,0,
3900ni,2908528755,Crewman,,5/05/2024,0,,0,,0,,0,0,,0,0,,0,0,,0,0,,0,0,,0,0,,0,0,
AstorBradley,459664540,Crewman,,5/06/2024,0,,0,,0,,0,0,,0,0,,0,0,,0,0,,0,0,,0,0,,0,0,
roblox_user_39224996,39224996,Crewman,,5/08/2024,0,,0,,0,,0,0,,0,0,,0,0,,0,0,,0,0,,0,0,,0,0,
awesomelegends1977,1972124218,Crewman,,5/11/2024,0,,0,,0,,0,0,,0,0,,0,0,,0,0,,0,0,,0,0,,0,0,
Sully6411GRW,2687273911,Crewman,,5/12/2024,0,,0,,0,,0,0,,0,0,,0,0,,0,0,,0,0,,0,0,,0,0,
XxXAWP_GodXxX,625754803,Crewman,,5/12/2024,3,,0,,0,,0,0,,0,0,,0,0,,0,0,,0,0,,0,0,,0,0,
dakotahc52,35410829,Crewman,,5/15/2024,0,,0,,0,,0,0,,0,0,,0,0,,0,0,,0,0,,0,0,,0,0,
carlandfood,460945923,Crewman,,5/17/2024,0,,0,,0,,0,0,,0,0,,0,0,,0,0,,0,0,,0,0,,0,0,
bloxburg_owner1000,1459129201,Crewman,,5/18/2024,0,,0,,0,,0,0,,0,0,,0,0,,0,0,,0,0,,0,0,,0,0,
bcreepy,66640491,Crewman,,5/20/2024,0,,0,,0,,0,0,,0,0,,0,0,,0,0,,0,0,,0,0,,0,0,
Maximum_flame123,2041636733,Crewman,,5/22/2024,0,,0,,0,,0,0,,0,0,,0,0,,0,0,,0,0,,0,0,,0,0,
Opticulfn,2810635956,Crewman,,5/22/2024,0,,0,,0,,0,0,,0,0,,0,0,,0,0,,0,0,,0,0,,0,0,
xxTheDarkFx,561244164,Crewman,,5/23/2024,0,,0,,0,,0,0,,0,0,,0,0,,0,0,,0,0,,0,0,,0,0,
Celtic_Rain,1636862447,Crewman,,5/26/2024,0,,0,,0,,0,0,,0,0,,0,0,,0,0,,0,0,,0,0,,0,0,
theheavy_weaponsguy,1011611269,Crewman,,5/29/2024,6,,0,,0,,0,0,,0,0,,0,0,,0,0,,0,0,,0,0,,0,0,
Jadiz_2,4013200785,Crewman,,6/03/2024,0,,0,,0,,0,0,,0,0,,0,0,,0,0,,0,0,,0,0,,0,0,
miguel537186,4876584912,Crewman,,6/04/2024,0,,0,,0,,0,0,,0,0,,0,0,,0,0,,0,0,,0,0,,0,0,
austin2602,32170159,Crewman,,6/05/2024,0,,0,,0,,0,0,,0,0,,0,0,,0,0,,0,0,,0,0,,0,0,
Pinguin36033,440793821,Crewman,,6/06/2024,0,,0,,0,,0,0,,0,0,,0,0,,0,0,,0,0,,0,0,,0,0,
Odysseus_E,1119776828,Crewman,,6/09/2024,0,,0,,0,,0,0,,0,0,,0,0,,0,0,,0,0,,0,0,,0,0,
Profi_ZZ,1499893052,Crewman,,6/09/2024,2,,0,,0,,0,0,,0,0,,0,0,,0,0,,0,0,,0,0,,0,0,
GenericPlayer149,6051639527,Crewman,,6/10/2024,0,,0,,0,,0,0,,0,0,,0,0,,0,0,,0,0,,0,0,,0,0,
Moomeister424242,194287557,Crewman,,6/11/2024,0,,0,,0,,0,0,,0,0,,0,0,,0,0,,0,0,,0,0,,0,0,
sausageface30,1064890571,Crewman,,6/11/2024,0,,0,,0,,0,0,,0,0,,0,0,,0,0,,0,0,,0,0,,0,0,
themagicalelement123,1825978567,Crewman,,6/11/2024,1,,0,,0,,0,0,,0,0,,0,0,,0,0,,0,0,,0,0,,0,0,
piratecool56,109790814,Crewman,,6/11/2024,0,,0,,0,,0,0,,0,0,,0,0,,0,0,,0,0,,0,0,,0,0,
Ser_Pottz,284002701,Crewman,,6/11/2024,0,,0,,0,,0,0,,0,0,,0,0,,0,0,,0,0,,0,0,,0,0,
Frappislife,682848682,Crewman,,6/12/2024,0,,0,,0,,0,0,,0,0,,0,0,,0,0,,0,0,,0,0,,0,0,
theIkeMaster22,1325381611,Crewman,,6/13/2024,1,,0,,0,,0,0,,0,0,,0,0,,0,0,,0,0,,0,0,,0,0,
roblox_user_2773395691,2773395691,Crewman,,6/13/2024,0,,0,,0,,0,0,,0,0,,0,0,,0,0,,0,0,,0,0,,0,0,
TDMPOKEMONFAN053,175745450,Crewman,,6/13/2024,0,,0,,0,,0,0,,0,0,,0,0,,0,0,,0,0,,0,0,,0,0,
DlEGuis,530117347,Crewman,,6/13/2024,0,,0,,0,,0,0,,0,0,,0,0,,0,0,,0,0,,0,0,,0,0,
nasterninja12344the2,129415330,Crewman,,6/13/2024,0,,0,,0,,0,0,,0,0,,0,0,,0,0,,0,0,,0,0,,0,0,
SomoneNamedMe,3469018058,Crewman,,6/13/2024,1,,0,,0,,0,0,,0,0,,0,0,,0,0,,0,0,,0,0,,0,0,
TheOneScout,65149436,Crewman,,6/13/2024,0,,0,,0,,0,0,,0,0,,0,0,,0,0,,0,0,,0,0,,0,0,
THE_KOOKMASTER,843752141,Crewman,,6/14/2024,0,,0,,0,,0,0,,0,0,,0,0,,0,0,,0,0,,0,0,,0,0,
jjramen123,4379536330,Crewman,,6/14/2024,1,,0,,0,,0,0,,0,0,,0,0,,0,0,,0,0,,0,0,,0,0,
InstantBlueGelato,1261184985,Crewman,,6/15/2024,0,,0,,0,,0,0,,0,0,,0,0,,0,0,,0,0,,0,0,,0,0,
My_4thALTaccount4,6137395682,Crewman,,6/15/2024,0,,0,,0,,0,0,,0,0,,0,0,,0,0,,0,0,,0,0,,0,0,
CaptainIsrael1948,1188941439,Crewman,,6/16/2024,0,,0,,0,,0,0,,0,0,,0,0,,0,0,,0,0,,0,0,,0,0,
superpluton547,962489733,Crewman,,6/16/2024,0,,0,,0,,0,0,,0,0,,0,0,,0,0,,0,0,,0,0,,0,0,
goose2820,51930743,Crewman,,6/16/2024,0,,0,,0,,0,0,,0,0,,0,0,,0,0,,0,0,,0,0,,0,0,
policellol44,1426696026,Crewman,,6/16/2024,0,,0,,0,,0,0,,0,0,,0,0,,0,0,,0,0,,0,0,,0,0,
JerryMcKelly,1216874426,Crewman,,6/17/2024,0,,0,,0,,0,0,,0,0,,0,0,,0,0,,0,0,,0,0,,0,0,
Cian_we,3564160238,Crewman,,6/17/2024,0,,0,,0,,0,0,,0,0,,0,0,,0,0,,0,0,,0,0,,0,0,
unknownman_ty,1848387297,Crewman,,6/17/2024,0,,0,,0,,0,0,,0,0,,0,0,,0,0,,0,0,,0,0,,0,0,
Totoro831,438628925,Crewman,,6/17/2024,0,,0,,0,,0,0,,0,0,,0,0,,0,0,,0,0,,0,0,,0,0,
DiO_BranDo7767,2776428771,Crewman,,6/18/2024,2,,0,,0,,0,0,,0,0,,0,0,,0,0,,0,0,,0,0,,0,0,
Nahrafet,23763876,Crewman,,6/18/2024,0,,0,,0,,0,0,,0,0,,0,0,,0,0,,0,0,,0,0,,0,0,
huskite,966284616,Crewman,,6/19/2024,0,,0,,0,,0,0,,0,0,,0,0,,0,0,,0,0,,0,0,,0,0,
Jack_Solence,3235472068,Crewman,,6/20/2024,1,,0,,0,,0,0,,0,0,,0,0,,0,0,,0,0,,0,0,,0,0,
Pistoman7,2843704814,Crewman,,6/20/2024,0,,0,,0,,0,0,,0,0,,0,0,,0,0,,0,0,,0,0,,0,0,
marcusyim,53698930,Crewman,,6/21/2024,0,,0,,0,,0,0,,0,0,,0,0,,0,0,,0,0,,0,0,,0,0,
GH_hellojeff,1462666315,Crewman,,6/21/2024,1,,0,,0,,0,0,,0,0,,0,0,,0,0,,0,0,,0,0,,0,0,
TheB0SS826,1677112507,Crewman,,6/22/2024,2,,0,,0,,0,0,,0,0,,0,0,,0,0,,0,0,,0,0,,0,0,
Joesrb2050,1892757125,Crewman,,6/24/2024,0,,0,,0,,0,0,,0,0,,0,0,,0,0,,0,0,,0,0,,0,0,
CzarnyKote45,2876903365,Crewman,,6/25/2024,0,,0,,0,,0,0,,0,0,,0,0,,0,0,,0,0,,0,0,,0,0,
RetroSpace64,1473792254,Crewman,,6/25/2024,5,,0,,0,,0,0,,0,0,,0,0,,0,0,,0,0,,0,0,,0,0,
CrispyyDoug,39256856,Crewman,,6/30/2024,0,,0,,0,,0,0,,0,0,,0,0,,0,0,,0,0,,0,0,,0,0,
daintycorn1598,140961454,Crewman,,6/30/2024,4,,0,,0,,0,0,,0,0,,0,0,,0,0,,0,0,,0,0,,0,0,
Suedoka,57530420,Crewman,,7/01/2024,4,,0,,0,,0,0,,0,0,,0,0,,0,0,,0,0,,0,0,,0,0,
TheShyMann,1119127908,Crewman,,7/01/2024,0,,0,,0,,0,0,,0,0,,0,0,,0,0,,0,0,,0,0,,0,0,
Brenana_man,526287372,Crewman,,7/02/2024,1,,0,,0,,0,0,,0,0,,0,0,,0,0,,0,0,,0,0,,0,0,
soup_time68421,1503469798,Crewman,,7/03/2024,0,,0,,0,,0,0,,0,0,,0,0,,0,0,,0,0,,0,0,,0,0,
some1unotsupost2now,2262782849,Crewman,,7/03/2024,0,,0,,0,,0,0,,0,0,,0,0,,0,0,,0,0,,0,0,,0,0,
pirate_shipca,4649154616,Crewman,,7/04/2024,0,,0,,0,,0,0,,0,0,,0,0,,0,0,,0,0,,0,0,,0,0,
sonicbutterz,1162091944,Crewman,,7/05/2024,0,,0,,0,,0,0,,0,0,,0,0,,0,0,,0,0,,0,0,,0,0,
Kaikaedonblah,10250625,Crewman,,7/05/2024,8,,0,,0,,0,0,,0,0,,0,0,,0,0,,0,0,,0,0,,0,0,
meeperson09,17308696,Crewman,,7/06/2024,0,,0,,0,,0,0,,0,0,,0,0,,0,0,,0,0,,0,0,,0,0,
loki_dtm264,4354497056,Crewman,,7/06/2024,0,,0,,0,,0,0,,0,0,,0,0,,0,0,,0,0,,0,0,,0,0,
Iwanttoplay995,6194490441,Crewman,,7/06/2024,0,,0,,0,,0,0,,0,0,,0,0,,0,0,,0,0,,0,0,,0,0,
25darkstar,113439030,Crewman,,7/06/2024,0,,0,,0,,0,0,,0,0,,0,0,,0,0,,0,0,,0,0,,0,0,
FirmusPiett_GCW,31524625,Crewman,,7/06/2024,0,,0,,0,,0,0,,0,0,,0,0,,0,0,,0,0,,0,0,,0,0,
JudyACuti,3816885713,Crewman,,7/07/2024,2,,0,,0,,0,0,,0,0,,0,0,,0,0,,0,0,,0,0,,0,0,
TriBygger,387295457,Crewman,,7/07/2024,0,,0,,0,,0,0,,0,0,,0,0,,0,0,,0,0,,0,0,,0,0,
brangardia,5685201,Crewman,,7/09/2024,0,,0,,0,,0,0,,0,0,,0,0,,0,0,,0,0,,0,0,,0,0,
boigoi234,1795167272,Crewman,,7/11/2024,0,,0,,0,,0,0,,0,0,,0,0,,0,0,,0,0,,0,0,,0,0,
Herr_Hanss03,2714364497,Crewman,,7/12/2024,0,,0,,0,,0,0,,0,0,,0,0,,0,0,,0,0,,0,0,,0,0,
DsmLansink,89345783,Crewman,,7/13/2024,2,,0,,0,,0,0,,0,0,,0,0,,0,0,,0,0,,0,0,,0,0,
Tharcov,14844374,Crewman,,7/17/2024,1,,0,,0,,0,0,,0,0,,0,0,,0,0,,0,0,,0,0,,0,0,
sizzlingz,344286449,Crewman,,7/19/2024,0,,0,,0,,0,0,,0,0,,0,0,,0,0,,0,0,,0,0,,0,0,
isaiasbrasileiro,131352645,Crewman,,7/20/2024,5,,0,,0,,0,0,,0,0,,0,0,,0,0,,0,0,,0,0,,0,0,
KagiXerr,2558592702,Crewman,,7/23/2024,0,,0,,0,,0,0,,0,0,,0,0,,0,0,,0,0,,0,0,,0,0,
concents,95459638,Crewman,,7/23/2024,0,,0,,0,,0,0,,0,0,,0,0,,0,0,,0,0,,0,0,,0,0,
coegzfa,5770477117,Crewman,,7/24/2024,0,,0,,0,,0,0,,0,0,,0,0,,0,0,,0,0,,0,0,,0,0,
Oklaaaayy,7111598830,Crewman,,7/25/2024,0,,0,,0,,0,0,,0,0,,0,0,,0,0,,0,0,,0,0,,0,0,
germanyz4life,2847429093,Crewman,,7/25/2024,1,,0,,0,,0,0,,0,0,,0,0,,0,0,,0,0,,0,0,,0,0,
qwerty679pl,5552235324,Crewman,,7/25/2024,0,,0,,0,,0,0,,0,0,,0,0,,0,0,,0,0,,0,0,,0,0,
HolyCowinVac,4071127102,Crewman,,8/04/2024,6,,0,,0,,0,0,,0,0,,0,0,,0,0,,0,0,,0,0,,0,0,
PineappleThatWalks,4180288979,Crewman,,8/06/2024,0,,0,,0,,0,0,,0,0,,0,0,,0,0,,0,0,,0,0,,0,0,
Ironbat752,1347566152,Crewman,,8/07/2024,0,,0,,0,,0,0,,0,0,,0,0,,0,0,,0,0,,0,0,,0,0,
KevinJRudd,80241286,Crewman,,8/09/2024,5,,0,,0,,0,0,,0,0,,0,0,,0,0,,0,0,,0,0,,0,0,
Simplexxity,1599249160,Crewman,,8/14/2024,0,,0,,0,,0,0,,0,0,,0,0,,0,0,,0,0,,0,0,,0,0,
Gabriel3182010,525255482,Crewman,,8/14/2024,2,,0,,0,,0,0,,0,0,,0,0,,0,0,,0,0,,0,0,,0,0,
majorjohnathon,4422232565,Crewman,,8/14/2024,1,,0,,0,,0,0,,0,0,,0,0,,0,0,,0,0,,0,0,,0,0,
Cursed_Valkyrie,18885953,Crewman,,8/20/2024,0,,0,,0,,0,0,,0,0,,0,0,,0,0,,0,0,,0,0,,0,0,
Grand_Conquester,4535900768,Crewman,,8/22/2024,0,,0,,0,,0,0,,0,0,,0,0,,0,0,,0,0,,0,0,,0,0,
EmoxSphe,34033010,Crewman,,8/22/2024,1,,0,,0,,0,0,,0,0,,0,0,,0,0,,0,0,,0,0,,0,0,
Dadythan,2092275,Crewman,,8/23/2024,0,,0,,0,,0,0,,0,0,,0,0,,0,0,,0,0,,0,0,,0,0,
abadkid,1620555,Crewman,,8/23/2024,0,,0,,0,,0,0,,0,0,,0,0,,0,0,,0,0,,0,0,,0,0,
HurriedDarkminer,214640579,Crewman,,8/23/2024,0,,0,,0,,0,0,,0,0,,0,0,,0,0,,0,0,,0,0,,0,0,
coolbako,810856480,Crewman,,8/24/2024,0,,0,,0,,0,0,,0,0,,0,0,,0,0,,0,0,,0,0,,0,0,
hwan_do,974899082,Crewman,,8/25/2024,0,,0,,0,,0,0,,0,0,,0,0,,0,0,,0,0,,0,0,,0,0,
EdwardWesterson,527140728,Crewman,,8/26/2024,0,,0,,0,,0,0,,0,0,,0,0,,0,0,,0,0,,0,0,,0,0,
Mr_runkess,7240307744,Crewman,,8/29/2024,6,,0,,0,,0,0,,0,0,,0,0,,0,0,,0,0,,0,0,,0,0,
domlemdemnom2,2958407481,Crewman,,9/02/2024,0,,0,,0,,0,0,,0,0,,0,0,,0,0,,0,0,,0,0,,0,0,
SirTenebris,52428245,Crewman,,9/05/2024,8,,0,,0,,0,0,,0,0,,0,0,,0,0,,0,0,,0,0,,0,0,
Napleonictopfragger,4358085728,Crewman,,9/06/2024,4,,0,,0,,0,0,,0,0,,0,0,,0,0,,0,0,,0,0,,0,0,
FrogPancakes,987838583,Crewman,,9/07/2024,0,,0,,0,,0,0,,0,0,,0,0,,0,0,,0,0,,0,0,,0,0,
alexstraz05,4281708711,Crewman,,9/07/2024,0,,0,,0,,0,0,,0,0,,0,0,,0,0,,0,0,,0,0,,0,0,
xmotherlucyx,5466903430,Crewman,,9/08/2024,0,,0,,0,,0,0,,0,0,,0,0,,0,0,,0,0,,0,0,,0,0,
ihartgeeks,3446853750,Crewman,,9/09/2024,0,,0,,0,,0,0,,0,0,,0,0,,0,0,,0,0,,0,0,,0,0,
MrBlueBrickGaming,1671468360,Crewman,,9/09/2024,0,,0,,0,,0,0,,0,0,,0,0,,0,0,,0,0,,0,0,,0,0,